name,address
"Argonaut Wine & Liquor","15260 E Iliff Ave, Aurora, CO 80014"
"Bonnie Brae Wine & Liquor Mart","760 E Colfax Ave, Denver, CO 80203"
"Chambers Wine & Liquor","785 S University Blvd, Denver, CO 80209"
"Argonaut Wine & Liquor","15260 E Iliff Ave, Aurora, CO 80014"
Safeway,"700 E Colfax Ave, Denver, CO 80203"
"Angels Liquor","3110 E 1st Ave, Denver, CO 80206"
"Spill Lounge","6500 Smith Rd, Denver, CO 80207"
"Northpark Liquors","1410 Market St, Denver, CO 80202"
"Bear Valley Wine & Liquor","10355 Federal Blvd, Denver, CO 80260"
Safeway,"3100 S Sheridan Blvd, Denver, CO 80227"
Safeway,"1653 S Colorado Blvd, Denver, CO 80222"
"Colorado Liquor Mart","560 Corona St, Denver, CO 80218"
"Denver Drug & Liquor","865 S Colorado Blvd, Denver, CO 80246"
Safeway,"400 E Colfax Ave, Denver, CO 80203"
Safeway,"6220 E 14th Ave, Denver, CO 80220"
Safeway,"12900 Zuni St, Denver, CO 80234"
"Jerri's Tobacco Shop & Fine Wines","1955 S Sheridan Blvd, Denver, CO 80227"
"Lowell Mart","500 16th St Ste 128, Denver, CO 80202"
Safeway,"6855 Lowell Blvd, Denver, CO 80221"
"Econo Liquor","3800 W 44th Ave, Denver, CO 80211"
"South Gaylord Wine Etc","3360 Downing St, Denver, CO 80205"
Safeway,"1084 S Gaylord St, Denver, CO 80209"
"Monroe Liquors","2150 S Downing St, Denver, CO 80210"
"Spirit World Liquor","3600 E Colfax Ave, Denver, CO 80206"
"Chateau Liquors","7156 Pecos St, Denver, CO 80221"
"Mapleton Discount Liquor","2627 E 2nd Ave, Denver, CO 80206"
"Scotter Liquors","640 E 58th Ave, Denver, CO 80216"
Safeway,"1515 E Colfax Ave, Denver, CO 80218"
"Together Liquors","3904 E 120th Ave, Denver, CO 80233"
Safeway,"8796 Corona St, Denver, CO 80229"
"Mondo Vino","3601 W 32nd Ave, Denver, CO 80211"
"Corks - The Wine Store","1620 Platte St Unit B, Denver, CO 80202"
"Sam's Warehouse Liquors","9380 Federal Blvd, Denver, CO 80260"
"Mayfair Liquors","1385 Krameria St, Denver, CO 80220"
"Joy Wine & Spirits","1302 E 6th Ave, Denver, CO 80218"
"Mountain View Liquors","4305 Sheridan Blvd, Denver, CO 80212"
Watson's,"900 Lincoln St, Denver, CO 80203"
"Balistreri Vineyards","1946 E 66th Ave, Denver, CO 80229"
"Piney Liquor Store","5135 Chambers Rd, Denver, CO 80239"
"Thorncreek Liquors Incorporated","951 E 120th Ave Unit D, Denver, CO 80233"
"Plaza De Santa Fe Liquors","1355 Santa Fe Dr Ste I, Denver, CO 80204"
"Chambers Place Liquors","4856 Chambers Rd, Denver, CO 80239"
"Villa Monaco Liquor","2223 S Monaco Pkwy D1, Denver, CO 80222"
"Sunset Ridge Liquors","2300 E 120th Ave Ste 105, Denver, CO 80233"
"Morgans Liquors","1200 E Evans Ave, Denver, CO 80210"
Safeway,"4860 Pecos St, Denver, CO 80221"
"E And A Liquors","1005 W 120th Ave Ste 750, Denver, CO 80234"
"North Valley Liquors","750 E 83rd Pl Ste D, Denver, CO 80229"
"U Drink It Liquor","9000 Federal Blvd, Denver, CO 80260"
"Vineyard Wine Shop Inc","261 Fillmore St, Denver, CO 80206"
"Divino Wine & Spirits","1240 S Broadway, Denver, CO 80210"
"Grape Expectations Wine","2270 Kearney St, Denver, CO 80207"
"Wines Off Wynkoop","1610 16th St, Denver, CO 80202"
"Mr B's Wine & Spirits","2101 Market St # 112, Denver, CO 80205"
"Above The Rim Wine Shop","1936 Pennsylvania St, Denver, CO 80203"
"Toast Wine & Spirits","3828 W 23rd Ave, Denver, CO 80211"
"Lowry Liquors","200 Quebec St, Denver, CO 80230"
"Chase Liquor","762 W 120th Ave, Denver, CO 80234"
"Grapvevine Liquors","7350 E 29th Ave, Denver, CO 80238"
"Distillary Liquors","7195 E Hampden Ave, Denver, CO 80224"
"Alladdin Liquor","2032 E Colfax Ave, Denver, CO 80206"
"Bootlegger Liquor","2375 W Alameda Ave, Denver, CO 80223"
"Jambo Liquor Store","7740 E Colfax Ave, Denver, CO 80220"
"Happy Canyon Liquors","5014 E Hampden Ave, Denver, CO 80222"
"East Evans Liquors","4770 E Evans Ave, Denver, CO 80222"
"Ena Liquor Store","3230 W Colfax Ave, Denver, CO 80204"
"Lvv Liquors","2683 E 120th Ave, Denver, CO 80233"
"Quebec Liquors & Spirits","2280 S Quebec St Unit B, Denver, CO 80231"
"Hjm Wine & Spirits","2016 W 32nd Ave, Denver, CO 80211"
"Park Chaffee Liquors","4836 Pecos St, Denver, CO 80221"
"Tom's Gateway Liquor, Inc","15470 Andrews Dr Ste 40, Denver, CO 80239"
"Little Raven Vineyards","1590 Little Raven St # 175, Denver, CO 80202"
"City Wine","347 S Colorado Blvd, Denver, CO 80246"
"Sir Frederick's Liquors","2784 S Wadsworth Blvd, Denver, CO 80227"
"Tejon Liquors","4560 Tejon St, Denver, CO 80211"
"Carlos Tio Liquors","2215 S Sheridan Blvd, Denver, CO 80227"
"V Wine & Liquor","1550 S Federal Blvd Rs, Denver, CO 80219"
"Gnash Brewing Co","8071 Greenwood Ct, Denver, CO 80221"
"Usa Discount Liquors Inc","900 Federal Blvd, Denver, CO 80204"
"Moon Liquors","9170 Huron St, Denver, CO 80260"
"West Quincy Wines & Spirits","3704 W Quincy Ave, Denver, CO 80236"
"R Liquors","1630 Bruce Randolph Ave, Denver, CO 80205"
"Bella Terra Liquors","5510 Washington St, Denver, CO 80216"
"Adams City Liquor Inc.","6935 Lowell Blvd, Denver, CO 80221"
"Leetsdale Liquors","4996 Leetsdale Dr, Denver, CO 80246"
"Pauls Liquors","1131 E Colfax Ave, Denver, CO 80218"
"Fox Point Liquor","13655 W Jewell Ave Ste D101, Denver, CO 80228"
"Green Mountain Liquors Inc","12611 W Alameda Pkwy, Denver, CO 80228"
"Liquor Box","6595 Federal Blvd, Denver, CO 80221"
"Kork N Bottle","2221 S Parker Rd, Denver, CO 80231"
"John's Liquor","1816 E Colfax Ave, Denver, CO 80218"
"King Center Liquor","1480 S Sheridan Blvd, Denver, CO 80232"
"American Liquors","1333 W Alameda Ave, Denver, CO 80223"
"Ok Liqour","1422 S Parker Rd Unit 140, Denver, CO 80231"
"Coors Distributing Co","5400 Pecos St, Denver, CO 80221"
"Doc's Liquors","1025 S Federal Blvd, Denver, CO 80219"
"Levine Liquors","1160 S Parker Rd, Denver, CO 80231"
"Southern Wine & Spirits","5270 Fox St, Denver, CO 80216"
"Sunshine Liquors","4300 Josephine St, Denver, CO 80216"
"Singers Liquors","3649 W 44th Ave, Denver, CO 80211"
"Jersey Street Liquors","928 Jersey St, Denver, CO 80220"
"14th Liquors","6245 E 14th Ave, Denver, CO 80220"
"Champa Street Liqours Inc","1456 Champa St, Denver, CO 80202"
"8th Avenue Wine & Spirits","4420 E 8th Ave, Denver, CO 80220"
"Friendly Liquors","6960 Broadway, Denver, CO 80221"
"Logan Liquors","100 S Logan St, Denver, CO 80209"
"Safeway Milk Plant","4301 Forest St, Denver, CO 80216"
"Booze Barn","12720 Colorado Blvd Unit B, Denver, CO 80241"
"M T Discount Liquors","3857 E 120th Ave, Denver, CO 80233"
"Incredible Wine & Sprits","5060 S Syracuse St, Denver, CO 80237"
"Eight & Colorado Liquors Incorporated","786 Colorado Blvd, Denver, CO 80206"
"Bungalow Liquors Of Denver","3000 W Alameda Ave, Denver, CO 80219"
"Lemon Sisters Market","617 22nd St, Denver, CO 80205"
"Mta Liquors","727 Quebec St, Denver, CO 80220"
"Skyline Village Liquors","2235 W 84th Ave Unit B, Denver, CO 80260"
"Syrcause Liquors","1115 Syracuse St, Denver, CO 80220"
"Beer & Wine At Home Inc","1325 W 121st Ave, Denver, CO 80234"
"Campus Liquor","1100 S Logan St, Denver, CO 80210"
"Nate's Crown Liquors","1131 Santa Fe Dr, Denver, CO 80204"
"West 38th Ave Discount Liquors","1347 W 38th Ave, Denver, CO 80211"
"Reserve List","1886 S Pearl St, Denver, CO 80210"
Downing,"1038 E 22nd Ave, Denver, CO 80205"
"Wine Seller & Spirits Too","600 E 6th Ave, Denver, CO 80203"
"Woodglenn Liquor","3901 E 112th Ave Unit F, Denver, CO 80233"
"Manaco Liquor & Wine","6455 E Evans Ave, Denver, CO 80222"
"Midway Liquors","2241 E 78th Ave Ste A, Denver, CO 80229"
"Pepe's Corner","535 E 45th Ave, Denver, CO 80216"
"Square Deal Liquors Store Inc","2426 W Evans Ave Unit A, Denver, CO 80219"
"Frank's Liquor","3420 W Alameda Ave, Denver, CO 80219"
"Jpad Discount Liquors","560 S Holly St Ste 4, Denver, CO 80246"
"Rex Liquors","2294 S Broadway, Denver, CO 80210"
"Denver Wine Connection","2409 Blake St, Denver, CO 80205"
"A-B & P Liquors","1472 S Broadway, Denver, CO 80210"
"Sheridan Liquors","1214 S Sheridan Blvd, Denver, CO 80232"
"Ted's Liquors","3101 E Colfax Ave, Denver, CO 80206"
"Parti Tyme Liquor","1608 W 92nd Ave, Denver, CO 80260"
"First Ave Liquor Store","9071 E Colorado Dr, Denver, CO 80231"
"Country Club Liquors","939 E Cedar Ave, Denver, CO 80209"
"Volume Rate Liquors","7805 E 35th Ave, Denver, CO 80238"
"Keg Liquors","2860 S Colorado Blvd, Denver, CO 80222"
"Country Gentleman Liquor","4345 W 38th Ave Unit B, Denver, CO 80212"
"Tran Liquor","7348 Washington St, Denver, CO 80229"
"Virginia Village Liquors, Inc","1455 S Holly St, Denver, CO 80222"
"Geno's Liquors","2336 W 32nd Ave, Denver, CO 80211"
"Star Liquors","624 Russell Blvd, Denver, CO 80229"
"Southmoor Wine & Spirits","3533 S Monaco Pkwy, Denver, CO 80237"
"Little's Wine & Liquor","2390 S Downing St Ste A, Denver, CO 80210"
"Rio Grande Liquor Store","1135 W 8th Ave, Denver, CO 80204"
"Grapevine Wine & Liquor Inc","900 S Monaco Pkwy, Denver, CO 80224"
"Top Shelf Wine Spirit","1450 S Santa Fe Dr, Denver, CO 80223"
"Montbello Liquor Store","4690 Peoria St Unit 11, Denver, CO 80239"
"Square One Liquors Inc","4090 E Mississippi Ave, Denver, CO 80246"
"Tamarac Liquors","3333 S Tamarac Dr Unit O, Denver, CO 80231"
"Grapes & Grains Wine & Liquor","2780 S Colorado Blvd Unit 304, Denver, CO 80222"
"Pat's Liquors","2705 W 38th Ave, Denver, CO 80211"
"Busby Liquors","4900 Lowell Blvd, Denver, CO 80221"
"Tower Liquor's","18611 Green Valley Ranch Blvd # 110, Denver, CO 80249"
"Coronado Liquor","1991 Coronado Pkwy N, Denver, CO 80229"
"Jim's Liquors","3101 Bruce Randolph Ave, Denver, CO 80205"
"Pecos Liquors Denver","8411 Pecos St Ste I, Denver, CO 80260"
"Walnut Liquors Inc","3729 Walnut St, Denver, CO 80205"
"Uptown Wines & Liquors","524 E 17th Ave, Denver, CO 80203"
"North Denver Liquors","3007 W 44th Ave, Denver, CO 80211"
"The Wine Loft","1527 Wazee St, Denver, CO 80202"
"Highlands Wine & Liquor","4650 W 38th Ave Ste 100, Denver, CO 80212"
"Kalamath Liquor, Inc","990 W 6th Ave, Denver, CO 80204"
"Lu Jacks Liquors","30 Broadway, Denver, CO 80203"
"Drinks Liquor","3615 W Colfax Ave, Denver, CO 80204"
"H & D Liquor Store Inc","1929 W Mississippi Ave, Denver, CO 80223"
"Sportsmans Liquors","610 Perry St, Denver, CO 80204"
"Barnum Liquors","1 S Federal Blvd, Denver, CO 80219"
"Tobins Liquor","4100 W Colfax Ave, Denver, CO 80204"
"Ararat Wine And Spirits, Inc","215 E 11th Ave Apt B5, Denver, CO 80203"
"Plaza Monaco Wine & Spirits","6460 E Yale Ave, Denver, CO 80222"
"E & S Liquors","6460 E Yale Ave Unit E30, Denver, CO 80222"
"Lk Liquors","2400 E 88th Ave, Denver, CO 80229"
"B & M Enterprises","2801 Fairfax St, Denver, CO 80207"
"Windsor Garden Liquors","9684 E Alameda Ave, Denver, CO 80247"
"Avondale Liquors Inc","1365 Federal Blvd, Denver, CO 80204"
"Sikka Inc","4650 Tower Rd Unit 2, Denver, CO 80249"
"Sm & Ldcc Inc.","3420 W Alameda Ave, Denver, CO 80219"
"Beaver Creek Wines & Spirits","9992 E Idaho Cir Apt 201, Denver, CO 80247"
"Fifth Street Liquors","214 W 5th Ave, Denver, CO 80204"
"L A Liquors","12051 Pecos St, Denver, CO 80234"
"Howard's Liquor Inc","3637 E 26th Ave, Denver, CO 80205"
"Mesfin Andemichael","4405 W 52nd Ave, Denver, CO 80212"
"King Cross Liquors","2035 S Broadway Unit B, Denver, CO 80210"
"Light House Inv Co","8960 E Hampden Ave, Denver, CO 80231"
"Westminster Plaza","2523 W 108th Ave, Denver, CO 80234"
"Rl Mcintyre Inc","3140 S Dahlia St, Denver, CO 80222"
"Jea Enterprises","9601 Grant St, Denver, CO 80229"
"B B A New Horizions","1355 Santa Fe Dr Ste I, Denver, CO 80204"
"Elijah Haroon Inc","10474 Canosa Way, Denver, CO 80234"
"Abai Inc.","5600 W Dartmouth Ave, Denver, CO 80227"
"Goldsmith Discount Liquors","8000 E Quincy Ave # 2100, Denver, CO 80237"
"House Of Spirits","3725 Peoria St, Denver, CO 80239"
"Wabash Discount Wine & Liquor","8400 E Iliff Ave, Denver, CO 80231"
"BD Liquors","1407 W 84th Ave # B-1, Denver, CO 80260"
"Joe's Liquors","4705 Washington St, Denver, CO 80216"
"La Preferida Liquors","160 W 84th Ave, Denver, CO 80260"
"Sake Liquors","880 Federal Blvd, Denver, CO 80204"
"Wise & Harris Liquors","2520 California St, Denver, CO 80205"
"P And M","1050 S Quebec St, Denver, CO 80231"
"Globe Liquors","4915 Washington St 17, Denver, CO 80216"
"Home Liquors","236 S Broadway, Denver, CO 80209"
"South Federal Cut Rate Liquors","1537 S Federal Blvd, Denver, CO 80219"
"Villa Park Liquors","3455 W 10th Ave, Denver, CO 80204"
"Marlee Liquor Mart","4317 W Florida Ave, Denver, CO 80219"
"Quarterback Liquors","4426 W 29th Ave, Denver, CO 80212"
"Rainbow Liquors","2045 S Federal Blvd, Denver, CO 80219"
"G-6 Liquor","9080 W 6th Ave, Denver, CO 80215"
"Seventeenth Street Liquors Inc","2001 E 17th Ave, Denver, CO 80206"
"East Denver Liquors","1434 E 22nd Ave, Denver, CO 80205"
"Evans Discount Liquors","5350 W Evans Ave Ste A&B, Denver, CO 80227"
"Capitol Liquors","4600 E Colfax Ave, Denver, CO 80220"
"B & B Liquors","7035 E Colfax Ave, Denver, CO 80220"
"Papas Liquor","4101 Colorado Blvd, Denver, CO 80216"
"Central Park Liquors Inc","7465 E Iliff Ave, Denver, CO 80231"
"Bella Vita Inc","9601 Grant St, Denver, CO 80229"
"Lloyd & Maxwell Wine & Spirits","614 E Kentucky Ave, Denver, CO 80209"
"Pearl Liquors","1093 S Pearl St, Denver, CO 80209"
"Patio Liquor Mart","1971 W Evans Ave, Denver, CO 80223"
"Rum Runner Liquor","5062 Federal Blvd, Denver, CO 80221"
"La Bates Liquor","7570 Broadway, Denver, CO 80221"
"Sooper B Liquors","100 S Broadway, Denver, CO 80209"
"Stanley's Liquor","2901 W 25th Ave, Denver, CO 80211"
"La Wine And Spirits","12051 Pecos St, Denver, CO 80234"
"Westwood Liquors","4005 Morrison Rd, Denver, CO 80219"
"Station Liquors","782 Sheridan Blvd, Denver, CO 80214"
"Dnj Liquor","7073 Pecos St, Denver, CO 80221"
"Ciancio's Liquor Store","2223 E 47th Ave, Denver, CO 80216"
"Cherri Plaza Liquors Inc","4611 E Mississippi Ave, Denver, CO 80246"
"Federal Heights Liquors","9090 Federal Blvd, Denver, CO 80260"
"Original Blvd Liquors Denver","2150 S Colorado Blvd, Denver, CO 80222"
"Willow Run Liquors, Inc.","12860 Zuni St Ste 100, Denver, CO 80234"
"Fairfax Liquors","2801 Fairfax St, Denver, CO 80207"
"Santa Fe Liquors","340 Santa Fe Dr, Denver, CO 80223"
"Hampden Plaza Liquors","10017 E Hampden Ave, Denver, CO 80231"
"Reale's Liquors","5905 Washington St, Denver, CO 80216"
"Mile High Liquors","1648 Federal Blvd, Denver, CO 80204"
"B J Liquors","4211 E Mississippi Ave, Denver, CO 80246"
"Tl Discount Liquor","2010 S Kipling Pkwy, Denver, CO 80227"
"Old Country Liquor","875 Thornton Pkwy, Denver, CO 80229"
"Jewell Liquor","1945 S Sheridan Blvd Ste 105B, Denver, CO 80227"
"Arbor Liquors","4550 S Kipling Pkwy Ste 4, Denver, CO 80127"
"Bopsy Liquors","3828 W 23rd Ave, Denver, CO 80211"
Creos,"4880 E 41st Ave, Denver, CO 80216"
"Harvey Park Liquors","2418 S Federal Blvd, Denver, CO 80219"
"Dk Liquors Inc","7820 Washington St Unit C, Denver, CO 80229"
"Joe's Liquor Store","2644 Larimer St, Denver, CO 80205"
"Oneida Liquors","2201 Oneida St Unit A, Denver, CO 80207"
"Ranch Liquors Inc","3804 E 120th Ave, Denver, CO 80233"
"Skyline Liquors","2865 Colorado Blvd, Denver, CO 80207"
"Athmar Liquors","1777 W Mississippi Ave, Denver, CO 80223"
"Tm Metro Liquors","1147 Broadway, Denver, CO 80203"
"Heritage Wine and Liquor","7475 E Arapahoe Rd, Englewood, CO 80112"
"Davidsons Liquor","5555 Boatworks Dr, Littleton, CO 80126"
Safeway,"9160 W Colfax Ave, Lakewood, CO 80215"
"Bonfire Liquors","7560 W Jewell Ave, Lakewood, CO 80232"
"Del's Liquors Inc","6079 Quebec St, Commerce City, CO 80022"
"Berkeley Village Discount Lqr","5302 Sheridan Blvd, Arvada, CO 80002"
"Massey Discount Liquor, Inc","4692 S Federal Blvd, Englewood, CO 80110"
"Glass Bottle Liquors","336 W Hampden Ave, Englewood, CO 80110"
"Marshall Liquors","5216 Marshall St, Arvada, CO 80002"
"Liquor Barn Ltd","4415 S Broadway, Englewood, CO 80113"
"Liquors Plus, Inc","5281 E 52nd Ave, Commerce City, CO 80022"
"Big D Liquor","1530 Kipling St, Lakewood, CO 80215"
"South Federal Discount Liquors","3378 S Federal Blvd, Englewood, CO 80110"
Safeway,"11088 W Jewell Ave, Lakewood, CO 80232"
"Apple Jack Wine & Spirits","3320 Youngfield St, Wheat Ridge, CO 80033"
"Curve Liquors","6795 W Mississippi Ave, Lakewood, CO 80226"
"Beerman Liquor Store","10120 W 26th Ave, Lakewood, CO 80215"
"Cordial Lounge","1521 Pierce St, Lakewood, CO 80214"
"Mile High Wine & Spirits","435 S Vance St, Lakewood, CO 80226"
"Broadway Discount Liquors","4615 S Broadway, Englewood, CO 80113"
"Brewtopia Liquor","6430 Wadsworth Byp, Arvada, CO 80003"
"Spirit Shop Liquor & Wine Ctr","7111 W Alameda Ave Unit G, Lakewood, CO 80226"
"Sixth Avenue Liquor Store","10310 E 6th Ave Unit C, Aurora, CO 80010"
"M H Liquors","1155 S Havana St, Aurora, CO 80012"
"I V K","6344 Ivy St, Commerce City, CO 80022"
"Fan Fair Liquors","475 Havana St, Aurora, CO 80010"
"J J Liquors","1711 Sheridan Blvd Ste D, Edgewater, CO 80214"
"Extreme Wine & Spir","7986 W Alameda Ave Unit A, Lakewood, CO 80226"
"Northbridge Liquors, Inc","6415 Sheridan Blvd, Arvada, CO 80003"
"Alameda Liquor","99 S Sheridan Blvd, Lakewood, CO 80226"
"Arnie's Liquors","7007 W Colfax Ave, Lakewood, CO 80214"
"Wadsworth Wine & Liquor","1981 S Wadsworth Blvd, Lakewood, CO 80227"
"Philnor Liquor","11200 W Colfax Ave, Lakewood, CO 80215"
"Slangevar Spirits Co","4276 S Eudora St, Englewood, CO 80113"
"Aurora Liquor Store","10 S Havana St, Aurora, CO 80012"
"C R Goodman Co","6300 E 58th Ave Unit I, Commerce City, CO 80022"
"West Evans Liquor Store","2020 W Evans Ave, Englewood, CO 80110"
"Jewell Square Discount Liquor","7853 W Jewell Ave, Lakewood, CO 80232"
"Liquor Paradise","5220 Wadsworth Byp Unit P, Arvada, CO 80002"
"T&R Liquor","9697 Montview Blvd, Aurora, CO 80010"
"Buckingham Liquor","11093 E Mississippi Ave, Aurora, CO 80012"
"Corner Store Liquor","7355 Ralston Rd Unit 500, Arvada, CO 80002"
"Morrison Road Liquor Store","5380 W Mississippi Ave, Lakewood, CO 80226"
"Peoria Liquors","3113 Peoria St Ste 2, Aurora, CO 80010"
"Payless Liquors Inc","1512 Florence St, Aurora, CO 80010"
"Taylor's Liquors","10201 E Colfax Ave, Aurora, CO 80010"
"Bottle Shop","876 S Havana St, Aurora, CO 80012"
"Village Liquors","5305 W 38th Ave Ste D, Wheat Ridge, CO 80212"
"Red Garden Liquor","9075 W 44th Ave, Wheat Ridge, CO 80033"
"Original Aurora Liquor Store","11681 Montview Blvd, Aurora, CO 80010"
"Viva Liquors","3003 W 74th Ave, Westminster, CO 80030"
"Yellow Front Liquors","9333 E Colfax Ave, Aurora, CO 80010"
"Monaco Plaza Liquor","6610 Monaco St, Commerce City, CO 80022"
"Us Wine & Liquors","9464 W 58th Ave, Arvada, CO 80002"
"Maxx Liquor Store","11712 W Colfax Ave, Lakewood, CO 80215"
"Peachwood Liquor","980 S Peoria St Unit B, Aurora, CO 80012"
Sendwine.com,"8075 Sheridan Blvd Unit E, Arvada, CO 80003"
"Sheridans Liquor","7561 W 80th Ave, Arvada, CO 80003"
Safeway,"4992 Ward Rd, Wheat Ridge, CO 80033"
"Valley Liquor","1500 W Littleton Blvd, Littleton, CO 80120"
"Woodland Liquors","5713 Olde Wadsworth Blvd, Arvada, CO 80002"
"Primo Vino","1705 Wadsworth Blvd, Lakewood, CO 80214"
"Jk Liquors Inc","3949 W 72nd Ave, Westminster, CO 80030"
"Bradburn Liquors","1555 S Havana St Unit D, Aurora, CO 80012"
"Capshaw Liquors","12030 E Colfax Ave, Aurora, CO 80010"
"Nick S Liquor Store Inc","6075 E Parkway Dr Ste 101, Commerce City, CO 80022"
"Parkway Liquor","9345 W 44th Ave, Wheat Ridge, CO 80033"
"Prk-N-Pik Liquors","566 Dayton St, Aurora, CO 80010"
"Sonora Liquors","10115 W Kentucky Dr, Lakewood, CO 80226"
"Sun Valley Liquors","5012 Kipling St, Wheat Ridge, CO 80033"
"Old Prospector's Liquors Ltd","7625 W 5th Ave, Lakewood, CO 80226"
"Capital Hill Liquors","379 S Garrison St, Lakewood, CO 80226"
"Family Wine & Liquor","5820 W 44th Ave, Wheat Ridge, CO 80212"
"Lakeside Liquors","7031 Brighton Blvd, Commerce City, CO 80022"
"Adams City Liquor"," ,  "
"Champions Liquor, Inc.","6111 W Colfax Ave, Lakewood, CO 80214"
"Nguyen Inc","5219 W 25th Ave, Edgewater, CO 80214"
"Pappy's Liquors","7787 Brighton Rd, Commerce City, CO 80022"
"Reeb Liquors","11000 W Alameda Ave, Lakewood, CO 80226"
"Country Meadow Liquors","7550 Sheridan Blvd, Arvada, CO 80003"
"Wheatridge Liquors","5808 W 38th Ave, Wheat Ridge, CO 80212"
"Dickerson's Liquor Store","11104 E Colfax Ave, Aurora, CO 80010"
"Harry's Liquors","9508 E Colfax Ave, Aurora, CO 80010"
"North Federal Liquor Inc","8020 Federal Blvd Ste 7, Westminster, CO 80031"
"Holiday Liquors","997 Sheridan Blvd, Lakewood, CO 80214"
"Hill Top Liquor Store","2735 W 72nd Ave, Westminster, CO 80030"
"Vern's Liquors","7605 W 44th Ave Unit A, Wheat Ridge, CO 80033"
"Sahdra Inc","7853 W Jewell Ave, Lakewood, CO 80232"
"Happy Liquors","4141 Kipling St, Wheat Ridge, CO 80033"
"Moonlight Liquor","1575 Quail St, Lakewood, CO 80215"
"Courtesy Liquors","1080 Havana St, Aurora, CO 80010"
"Dayton Liquors","816 Dayton St, Aurora, CO 80010"
"Sheridan Fine Wine & Spirits","65 Sheridan Blvd, Lakewood, CO 80226"
"Mary A's Liquor Store","2496 W Hampden Ave, Englewood, CO 80110"
"Pour Boy Liquors","6468 W 20th Ave, Lakewood, CO 80214"
"Mountain Liquors","5246 W Colfax Ave, Lakewood, CO 80214"
"Off Broadway Wine & Spirits","51 Englewood Pkwy, Englewood, CO 80110"
"Aaa Liquors","1115 S Wadsworth Blvd, Lakewood, CO 80232"
"E Corp","2590 S Tejon St, Englewood, CO 80110"
"Alameda Discount Liquor Inc","6241 W Alameda Ave, Lakewood, CO 80226"
"D & H Liquors","9590 W Colfax Ave, Lakewood, CO 80215"
"Hoffman Heights Liquors","724 Peoria St, Aurora, CO 80011"
"A & I Liquors","306 S Ironton St, Aurora, CO 80012"
"Sunset Liquor","9151 W Colfax Ave Ste B, Lakewood, CO 80215"
"Jcrs Discount Liquors","6569 W Colfax Ave, Lakewood, CO 80214"
"Tap-A Keg Liquors","7002 Highway 2, Commerce City, CO 80022"
"Hampden Warehouse Liquor Mart","3371 W Hampden Ave, Englewood, CO 80110"
"Arvada Wine & Spirits","6350 Sheridan Blvd, Arvada, CO 80003"
"Hill Top Liquor","6390 Wadsworth Blvd Ste B, Arvada, CO 80003"
"Jordan Wine & Spirits","6130 W 73rd Ave, Arvada, CO 80003"
"Westminster Plaza Liquors","7243 Federal Blvd # 400, Westminster, CO 80030"
"Colorado Pure Distilling","5609 W 6th Ave, Lakewood, CO 80214"
"Lakewood Liquors","9181 W Jewell Ave, Lakewood, CO 80232"
"Westminster Plaza Liquors","7301 Federal Blvd, Westminster, CO 80030"
"Wilmore Liquors","7777 W 38th Ave Unit A108, Wheat Ridge, CO 80033"
"Sunset Liquor Store","4955 W 72nd Ave Unit Q, Westminster, CO 80030"
"Old Town Liquors","1215 E Hampden Ave, Englewood, CO 80113"
"Mini Liquor & Cigarette Liguor","7141 Irving St, Westminster, CO 80030"
"Good Liquor","275 S Sheridan Blvd, Lakewood, CO 80226"
"Seven Seven Seven Liquors","777 Wadsworth Blvd, Lakewood, CO 80214"
"Discount Liquor Store","3910 Wadsworth Blvd, Wheat Ridge, CO 80033"
"Depew Liquors","5507 W 20th Ave, Edgewater, CO 80214"
"Aurora Plaza Liquors","677 Peoria St, Aurora, CO 80011"
"Wadsworth Liquor","6781 Wadsworth Blvd, Arvada, CO 80003"
"Arvada Ralston Liquor Mart","9489 W 58th Ave, Arvada, CO 80002"
"Triangle Liquor","9545 W 58th Ave, Arvada, CO 80002"
"Powderhorn Liquors Inc","12078 E Mississippi Ave, Aurora, CO 80012"
"Atlas Wine & Spirits","11068 W Jewell Ave Ste C1, Lakewood, CO 80232"
"Lee Liquor Inc","8426 Federal Blvd, Westminster, CO 80031"
"Supreme Liquors Inc","5138 S Broadway, Englewood, CO 80113"
"Laguardia Liquors","8008 Chase Dr, Arvada, CO 80003"
"Willows Liquor","10815 W Jewell Ave Ste B, Lakewood, CO 80232"
"Union Wine & Spirits","295 S Union Blvd, Lakewood, CO 80228"
"Stockade Wines & Liquors","2694 S Parker Rd, Aurora, CO 80014"
"Littleton Discount Liquors","2737 W Belleview Ave, Littleton, CO 80123"
"80th Avenue Liquors","6933 E 80th Ave, Commerce City, CO 80022"
"Hi Grade Liquor","1070 S Union Blvd Ste C, Lakewood, CO 80228"
"Iliff Square Liquors Inc","2211 S Peoria St, Aurora, CO 80014"
"Bear Creek Liquors Inc","9886 W Girton Dr, Lakewood, CO 80227"
"Potomac Village Liquors","13700 E Alameda Ave Ste C, Aurora, CO 80012"
"Norman's Liquors","12065 W Alameda Pkwy # F-6, Lakewood, CO 80228"
"Two Angels Liquor Store","2589 S Lewis Way, Lakewood, CO 80227"
"Shaw Heights Liquors","8835 Lowell Blvd, Westminster, CO 80031"
"J M Liquor","8374 Sheridan Blvd, Arvada, CO 80003"
Safeway,"13111 W Alameda Pkwy, Lakewood, CO 80228"
"Pyramid Liquors","599 W Littleton Blvd, Littleton, CO 80120"
"A J Liquor Corporation","13490 E Mississippi Ave, Aurora, CO 80012"
"Royal Liquor","7735 Wadsworth Blvd A, Arvada, CO 80003"
"Napa Nectars Liquor","5302 S Federal Cir Ste E, Littleton, CO 80123"
"I P Liquors","12131 E Iliff Ave Ste E, Aurora, CO 80014"
"Caps Liquor Mart","5196 S Lowell Blvd, Littleton, CO 80123"
"Rosemary Liquors and Food Mart","8210 Rosemary St, Commerce City, CO 80022"
"Good Times","3230 Youngfield Svc Rd, Golden, CO 80401"
"Alameda Square Liquors","12792 W Alameda Pkwy, Lakewood, CO 80228"
"Super Discount Liquors","60 W Littleton Blvd, Littleton, CO 80120"
"Lake Arbor Liquor","7519 W 80th Ave, Arvada, CO 80003"
"B K Liquors","14293 E 6th Ave, Aurora, CO 80011"
"Rocky Mountain Liquors Outlet Inc","880 S Abilene St, Aurora, CO 80012"
"Columbine Valley Liquor","3615 W Bowles Ave Unit 4, Littleton, CO 80123"
"City Square Liquors","14109 E Exposition Ave, Aurora, CO 80012"
"Lido Wine Merchants","2529 W Main St, Littleton, CO 80120"
"Foothills Discount Liquor","13079 W Alameda Pkwy, Lakewood, CO 80228"
"Mountair Liquor","1691 S Arbutus Pl, Lakewood, CO 80228"
"Wine Co","5910 S University Blvd Ste D4, Greenwood Village, CO 80121"
"Gopher Liquors","5929 S University Blvd, Greenwood Village, CO 80121"
"Nzw Discount Liquors","3095 S Peoria St, Aurora, CO 80014"
"5th Quarter Liquors","14585 E Alameda Ave, Aurora, CO 80012"
"Viney's Liquors","14573 E Mississippi Ave, Aurora, CO 80012"
"Simms Liquor Store","11651 W 64th Ave Ste E7, Arvada, CO 80004"
"Chambers Liquor Mart","15201 E Colfax Ave Unit A, Aurora, CO 80011"
"Green Liquors Village","15092 E Mississippi Ave, Aurora, CO 80012"
"Liquor Port","15210 E 6th Ave Unit 9, Aurora, CO 80011"
"The Liquor Stop","5012 W 92nd Ave Unit A4, Westminster, CO 80031"
"Friends Liquors","15500 E Colfax Ave, Aurora, CO 80011"
"Westminster Liquors Inc","6080 W 92nd Ave, Westminster, CO 80031"
"Ron's Liquors","6400 W 92nd Ave, Westminster, CO 80031"
"Dollar Saver Discount Liquors","15355 E Colfax Ave Unit E, Aurora, CO 80011"
"Dtc Wine & Spirits","4920 S Yosemite St, Greenwood Village, CO 80111"
"Ralston Square Liquors","6318 Ward Rd, Arvada, CO 80004"
"Bubba's Toyz","1849 S Zinnia Ct, Lakewood, CO 80228"
"Santa Fe Spirits","5460 S Quebec St, Greenwood Village, CO 80111"
"Six A","8770 Wadsworth Blvd K, Arvada, CO 80003"
"Centretech Discount Liquor","15620 E 6th Ave, Aurora, CO 80011"
"Lighthouse Liquors","14777 W 6th Ave, Golden, CO 80401"
"Village West Liquors","8555 W Belleview Ave A03, Littleton, CO 80123"
"Spirits Voice","10330 W 77th Dr, Arvada, CO 80005"
"Broadway Wine & Liquor Inc","1605 S Dearborn Way, Aurora, CO 80012"
"Celtic Knot Wine And Liquors","8654 W 86th Pl, Arvada, CO 80005"
"Orchards Wines & Spirits","5998 S Holly St, Greenwood Village, CO 80111"
"Two Ponds Wine & Spirits","9969 W 80th Ave, Arvada, CO 80005"
"104th ave Discount Liquors","900 W 104th Ave, Northglenn, CO 80234"
"L and C Liquors","8100 W Crestline Ave A-18, Littleton, CO 80123"
"Liquor 4 Less","15451 E Mississippi Ave Ste A, Aurora, CO 80017"
"Small Batch Spirits","6222 S Ames Ct, Littleton, CO 80123"
Safeway,"5025 S Kipling Pkwy, Littleton, CO 80127"
"Total Beverage","770 E 104th Ave, Northglenn, CO 80233"
"Chambers Point Liquors","1704 S Chambers Rd, Aurora, CO 80017"
"Total Wine And Liqours","6901 S Broadway, Littleton, CO 80122"
"Grape Wine Market & Spirits","6853 S University Blvd, Centennial, CO 80122"
"South West Liquors","8500 W Crestline Ave, Littleton, CO 80123"
"Hillcrest Liquor Store","1416 W 104th Ave, Northglenn, CO 80234"
"Lake Plaza Liquors Inc","9118 W 88th Ave, Arvada, CO 80005"
"Santa Fe Spirits","6023 S Santa Fe Dr, Littleton, CO 80120"
"Cherry Knolls Liquors","6812 S University Blvd, Centennial, CO 80122"
"Old Golden Road Liquors","15750 S Golden Rd Ste 50D, Golden, CO 80401"
"Governor's Liquor","9876 W Belleview Ave, Littleton, CO 80123"
"Somerset Liqour","1250 Airport Blvd, Aurora, CO 80011"
"Sage Discount Liquors","2280 S Chambers Rd, Aurora, CO 80014"
"Kipling Plaza Liquors","5055 S Kipling Pkwy Ste C6, Littleton, CO 80127"
"Arrow Liquors","8055 W Bowles Ave Ste 2W, Littleton, CO 80123"
"Arapahoe Village Liquors","5070 E Arapahoe Rd, Littleton, CO 80122"
"Big D's Liquor","10651 Melody Dr, Northglenn, CO 80234"
"D Lams Inc","13881 W 66th Way, Arvada, CO 80004"
"Ace Liquor Store","16265 S Golden Rd, Golden, CO 80401"
"Town Center Liquor","14455 W 64th Ave, Arvada, CO 80004"
"Bristol Pointe Liquors","852 S Buckley Rd, Aurora, CO 80017"
"Angles Liquors","10747 Livingston Dr, Northglenn, CO 80234"
Safeway,"1730 S Buckley Rd, Aurora, CO 80017"
"Bottle Barn Liquor","1720 S Buckley Rd, Aurora, CO 80017"
"Super Liquor Mart","6700 S Pierce St, Littleton, CO 80128"
"Hodel's Drug Store","4095 S Sable Way, Aurora, CO 80014"
Hampden,"15433 E Hampden Ave Ste E, Aurora, CO 80013"
"Dry Creek Discount Liquors","7500 S University Blvd, Centennial, CO 80122"
"Still Mission Viejo Liquor","15400 E Hampden Ave, Aurora, CO 80013"
"Kipling Place Discount Liquors, Inc","5924 S Kipling Pkwy Ste K, Littleton, CO 80127"
"Iliff Crossing Liquors","16841 E Iliff Ave, Aurora, CO 80013"
"All American Discount Liquor Inc","9975 Wadsworth Pkwy H2, Broomfield, CO 80021"
"Happy Hound Wine And Liquor","10181 W Bowles Ave, Littleton, CO 80127"
"Range View Liquors","11350 Huron St, Northglenn, CO 80234"
"Buckley Square Liquors","17150 E Iliff Ave Ste C3, Aurora, CO 80013"
"Liquor Bank","462 Malley Dr, Northglenn, CO 80233"
"D L Discount Liquors","11423 Washington St, Northglenn, CO 80233"
"D/A Liquor Mart","9625 E Arapahoe Rd Ste Q, Greenwood Village, CO 80112"
"Pride Wine & Liquors","9676 E Arapahoe Rd Ste B, Greenwood Village, CO 80112"
"Suave Spirits Inc","4131 S Deframe St, Morrison, CO 80465"
"Golden Village Liquor","17730 S Golden Rd, Golden, CO 80401"
"M & M Liquors","18881 E Colfax Ave Ste 1, Aurora, CO 80011"
"Werners West Peakview Liquor Inc","9083 W Peakview Dr Unit 6, Littleton, CO 80123"
"L And E Liquors","4286 S Chambers Rd, Aurora, CO 80014"
"Broadway Wine & Liquor","7945 S Broadway, Littleton, CO 80122"
"West Woods Wine & Spirits","16255 W 64th Ave, Arvada, CO 80007"
"Winery, The","17851 W Colfax Ave, Golden, CO 80401"
"Sheridan Green Discount Liquor","11187 Sheridan Blvd # 1, Westminster, CO 80020"
"Quincy Plaza Liquors","14011 W Quincy Ave Ste H, Morrison, CO 80465"
"Republic National Distributing Company ","8000 Southpark Ter, Littleton, CO 80120"
Safeway,"7500 S Pierce St, Littleton, CO 80128"
"Hi Hopes Liquors","9729 W Coal Mine Ave Unit Z, Littleton, CO 80123"
"Gradon Enterprises","15275 E Smoky Hill Rd, Aurora, CO 80015"
Water2wine,"8130 S University Blvd, Centennial, CO 80122"
"Albertsons 1801","181 W County Line Rd, Littleton, CO 80129"
"County Line Liquor","181 W County Line Rd, Littleton, CO 80129"
"Tony's Wine","12001 E Caley Ave, Centennial, CO 80111"
"Prom Discount Liquors","2030 E County Line Rd F, Littleton, CO 80126"
"Hannah Discount Liquors","11926 Washington St, Northglenn, CO 80233"
"Columbine Liquors","7660 S Pierce St Ste 2, Littleton, CO 80128"
"East Quincy Liquor","16342 E Quincy Ave, Aurora, CO 80015"
"Drink Wine|Spirits","6631 S Peoria St, Centennial, CO 80111"
"R&L Package Service Inc","10511 W 102nd Ave, Broomfield, CO 80021"
"Europa Wine & Liquors","8719 E Dry Creek Rd, Englewood, CO 80112"
"G&E Liquors","18680 E Iliff Ave Unit D, Aurora, CO 80013"
"Northglenn Discount Liquor","420 E 120th Ave Ste B3, Northglenn, CO 80233"
Safeway,"16921 E Quincy Ave, Aurora, CO 80015"
"Foxridge Discount Liquors Inc","8178 S Holly St, Centennial, CO 80122"
"Morrison Liquors","505 Bear Creek Ave, Morrison, CO 80465"
"Tipsy's Liquor World","5869 S Alkire St, Littleton, CO 80127"
"Summer Valley Discount Liquors","16981 E Quincy Ave Unit D7, Aurora, CO 80015"
"Bj Liquors Tram Mautu","12067 W Coal Mine Dr, Littleton, CO 80127"
"Pioneer Hills Liquor Inc.","5590 S Parker Rd, Aurora, CO 80015"
"B Q Foods & Spirits Inc","16961 E Quincy Ave, Aurora, CO 80015"
"Golden Liquors","601 13th St, Golden, CO 80401"
"Hampden Crossing Liquor","18121 E Hampden Ave Unit M, Aurora, CO 80013"
"Rocky Mountain Liquor Whse","5140 W 120th Ave 185, Broomfield, CO 80020"
"Golden City Brewery","920 12th St, Golden, CO 80401"
"High 5 Liquor","5095 W 120th Ave Ste C7, Broomfield, CO 80020"
"Ec Liquor","12302 E 104th Pl, Commerce City, CO 80022"
"Bacchus Wine Spirits Inc","8812 Blue Mountain Pl, Littleton, CO 80126"
"Asian Beverage Co","7022 S Revere Pkwy, Centennial, CO 80112"
"Villager Square Liquor","6650 W 120th Ave Ste A10, Broomfield, CO 80020"
"High Point Liquors","18674 E Hampden Ave, Aurora, CO 80013"
"T D Spirits & Wines","8156 S Wadsworth Blvd, Littleton, CO 80128"
"Chatfield Discount Liquor Inc","7444 W Chatfield Ave J, Littleton, CO 80128"
"Canyon Point Wine & Spirits","103 N Rubey Dr, Golden, CO 80403"
"Expresso Drive Thru Cafe Inc","1304 5th St, Golden, CO 80403"
"Lukas Liquors Superstore","8457 S Yosemite St, Lone Tree, CO 80124"
"Highland Vineyards","3506 Town Center Dr, Littleton, CO 80129"
"Bristol Pointe Liquors","852 S Buckley Rd, Aurora, CO 80017"
"Hodel's Drug Store","4095 S Sable Way, Aurora, CO 80014"
"Dry Creek Discount Liquors","7500 S University Blvd, Centennial, CO 80122"
"D C D L Inc","7500 S University Blvd # 112, Centennial, CO 80122"
"Still Mission Viejo Liquor","15400 E Hampden Ave, Aurora, CO 80013"
"Iliff Crossing Liquors","16841 E Iliff Ave, Aurora, CO 80013"
"Suave Spirits Inc","4131 S Deframe St, Morrison, CO 80465"
"Golden Village Liquor","17730 S Golden Rd, Golden, CO 80401"
"M & M Liquors","18881 E Colfax Ave Ste 1, Aurora, CO 80011"
"Werners West Peakview Liquor Inc","9083 W Peakview Dr Unit 6, Littleton, CO 80123"
"Sheridan Green Discount Liquor","11187 Sheridan Blvd # 1, Westminster, CO 80020"
"Quincy Plaza Liquors","14011 W Quincy Ave Ste H, Morrison, CO 80465"
"County Line Liquor","181 W County Line Rd, Littleton, CO 80129"
"Albertsons 1801","181 W County Line Rd, Littleton, CO 80129"
"Prom Discount Liquors","2030 E County Line Rd F, Littleton, CO 80126"
"R&L Package Service Inc","10511 W 102nd Ave, Broomfield, CO 80021"
"Foxridge Discount Liquors Inc","8178 S Holly St, Centennial, CO 80122"
"Bj Liquors Tram Mautu","12067 W Coal Mine Dr, Littleton, CO 80127"
"Pioneer Hills Liquor Inc.","5590 S Parker Rd, Aurora, CO 80015"
"Golden Liquors","601 13th St, Golden, CO 80401"
"Hampden Crossing Liquor","18121 E Hampden Ave Unit M, Aurora, CO 80013"
"Summer Valley Discount Liquors","16981 E Quincy Ave Unit D6, Aurora, CO 80015"
"Ec Liquor","12302 E 104th Pl, Commerce City, CO 80022"
"Bacchus Wine Spirits Inc","8812 Blue Mountain Pl, Littleton, CO 80126"
"T D Spirits & Wines","8156 S Wadsworth Blvd, Littleton, CO 80128"
"Chatfield Discount Liquor Inc","7444 W Chatfield Ave J, Littleton, CO 80128"
"Expresso Drive Thru Cafe Inc","1304 5th St, Golden, CO 80403"
"Lukas Liquors Superstore","8457 S Yosemite St, Lone Tree, CO 80124"
"82 Liquor","10143 W Chatfield Ave Ste 5, Littleton, CO 80127"
"Ken Caryl Village Liquor","12482 W Ken Caryl Ave B4, Littleton, CO 80127"
"Boss Liquors","5781 E 128th Ave, Thornton, CO 80602"
"Quincy Liquor","19330 E Quincy Ave, Aurora, CO 80015"
"Old Vine Discount Liquor","9956 W Remington Pl Ste 812, Littleton, CO 80128"
"Libations Wine & Spirits","6554 S Parker Rd, Aurora, CO 80016"
"Village Center Liquors","9553 S University Blvd Ste 100, Littleton, CO 80126"
"Meadow Liquors","8864 Maximus Dr, Lone Tree, CO 80124"
"Northmoor Liquors","1080 E 10th Ave, Broomfield, CO 80020"
"Camelot Liquors","18525 E Smoky Hill Rd, Centennial, CO 80015"
"A1 Liquor Stores","12345 Brighton Rd, Henderson, CO 80640"
"Kacees Wine & Spirits","13640 Orchard Pkwy, Westminster, CO 80023"
"Westside Liquor","2209 W Wildcat Reserve Pkwy, Littleton, CO 80129"
"Kelly's Wine & Spirits","1000 Depot Hill Rd Ste C, Broomfield, CO 80020"
"Dak's Country Liquors","4533 Fenwood Pl, Littleton, CO 80130"
"Bottle Tag Company","764 Ridgemont Pl, Littleton, CO 80126"
"Wildcat Wine & Spirits","3996 Red Cedar Dr Unit A7, Littleton, CO 80126"
"Heritage Hills Wines & Spirits","9231 E Lincoln Ave Ste 100, Lone Tree, CO 80124"
"Apex Wine & Spirits Inc","6163 S Espana Way, Aurora, CO 80016"
"Forrest Wine & Liquor Inc","20239 E Smoky Hill Rd Ste A, Centennial, CO 80015"
"Rock Creek Wine & Spirits","1611 Coalton Rd, Superior, CO 80027"
Lacd,"17721 Cottonwood Dr, Parker, CO 80134"
"Montbello Liquor","6655 S Quemoy Cir, Aurora, CO 80016"
"Montview Plaza Liquors","5461 S Coolidge Ct, Aurora, CO 80016"
"Great Vines Liquors","6140 S Gun Club Rd Ste J1, Aurora, CO 80016"
"Won S Enterprises Inc","2021 E 160th Ave, Broomfield, CO 80023"
"Stonegate Wine & Spirits","16522 Keystone Blvd Ste D, Parker, CO 80134"
"Dunbar Incorporated","14291 E 144th Ave, Brighton, CO 80601"
"Khh Liquors","16371 Washington St, Thornton, CO 80023"
"Pine Lane Plaza","12543 N Highway 83 Ste 200, Parker, CO 80134"
"Parker Payless Liquors","9749 S Parker Rd, Parker, CO 80134"
"Coal Creek Liquors, Inc","400 W South Boulder Rd, Lafayette, CO 80026"
"South Boulder Road Liquor Inc","545 W South Boulder Rd # 110, Lafayette, CO 80026"
"Brighton Liquor Warehouse Inc","843 S Kuner Rd, Brighton, CO 80601"
"Brighton Liquor Store","611 S 4th Ave, Brighton, CO 80601"
"Jnw Corporation","611 S 4th Ave, Brighton, CO 80601"
"Union Jack Liquor","1160 E South Boulder Rd, Louisville, CO 80027"
"Lafayette Liquors","109 N Public Rd, Lafayette, CO 80026"
"Paisano Liquors","126 W Bridge St, Brighton, CO 80601"
Homchanh,"15 Strong St, Brighton, CO 80601"
"North American Motoring","161 High Country Dr, Lafayette, CO 80026"
"Whiskey Barrel Inc","104 Longs Peak St, Brighton, CO 80601"
"Ale House","1595 E Bridge St, Brighton, CO 80601"
"Watkins Liquors","33105 E Colfax Ave, Watkins, CO 80137"
"Old Vine Liquors Inc","5164 S Hatch Dr, Evergreen, CO 80439"
"Viking Spirits Liquor","5250 Manhattan Cir, Boulder, CO 80303"
"Auto Package Inc","10933 Dobbins Run, Lafayette, CO 80026"
"Canyon Liquors","30550 Highway 72, Golden, CO 80403"
"Williams Village Liquor","655 30th St, Boulder, CO 80303"
"Pettyjohns Liquors","613 S Broadway St, Boulder, CO 80305"
"Glacier Liqours","3652 Reliance Dr, Erie, CO 80516"
"Market Square Liquor","1832 30th St, Boulder, CO 80301"
"Rose Hill Wine & Spirits","1091 13th St, Boulder, CO 80302"
"In & Out Liquor","500 8th St Ste A, Dacono, CO 80514"
"Ace Discount Liquors","2991 Pearl St, Boulder, CO 80301"
"A Ok Liquor","2690 28th St Ste 2, Boulder, CO 80301"
"Bubbles Liquor Mart","675 Genoa Way, Castle Rock, CO 80109"
"High Point Liquors","18674 E Hampden Ave, Aurora, CO 80013"
"Twin Peaks Liquor","999 S Hover St, Longmont, CO 80501"
"PJ's Wine & Spirits","665 Frontage Rd, Longmont, CO 80501"
"North Boulder Liquor","3990 Broadway St, Boulder, CO 80304"
"Liquor Land","1020 Ken Pratt Blvd A, Longmont, CO 80501"
"Quick Liquors","1751 Hover Street C4, Longmont, CO 80501"
"Rose & Sheetal Inc","1300 Dexter St, Fort Lupton, CO 80621"
"Out The Bottle","1467 Stonehill Ct, Castle Rock, CO 80104"
"Fort Suds Of Fort Lupton, Inc","640 14th St, Fort Lupton, CO 80621"
"Vinas Ltd","4715 26th St, Boulder, CO 80301"
"Perry Pointe Liquor","325 E Miller Ct A, Castle Rock, CO 80104"
"Mountain Moonshine","2812 Colorado Blvd, Idaho Springs, CO 80452"
Ryelco,"9300 Schumaker Rd, Bennett, CO 80102"
"Megs Elk Creek","16940 Highway 126, Pine, CO 80470"
"Cj's Liquor","3907 State Highway 119, Longmont, CO 80504"
"Dave's Discount Liquor","700 Ken Pratt Blvd Ste 214, Longmont, CO 80501"
"Saddleback Grapes & Grains Inc","8180 Oak Meadows Blvd, Firestone, CO 80504"
"Snifters Wine & Spirits","600 S Airport Rd Ste Hb, Longmont, CO 80503"
"Mead Liquors","4327 State Highway 66, Longmont, CO 80504"
"Seed Wine Shop","1426 Pearl St, Boulder, CO 80302"
"Willow Springs Liquors","2795 Iris Ave, Boulder, CO 80304"
"Pioneer Hills Liquor Inc","29751 E 163rd Pl, Brighton, CO 80603"
"I 25 Liquors","1001 Caprice Dr, Castle Rock, CO 80109"
"Gunbarrel Liquor","6566 Lookout Rd, Boulder, CO 80301"
"Firestone Liquor Store Inc","562 1st St, Firestone, CO 80520"
"Castle Rock Liquors","20 Wilcox St, Castle Rock, CO 80104"
"Seven Star Liquor Mart","390 S Wilcox St, Castle Rock, CO 80104"
"Greenbelt Liquors Inc","4481 Broadway St, Boulder, CO 80304"
"Buffalo Spirit Liquor","4481 Broadway St, Boulder, CO 80304"
"Franktown Liquors","7524 E Highway 86, Franktown, CO 80116"
"Erie Liquors","235 Chelsea St, Castle Rock, CO 80104"
"Brandin Iron Liquors","1227 S Main St, Longmont, CO 80501"
"Good Times","305 Ken Pratt Blvd, Longmont, CO 80501"
"Old Buffalo Liquors","540 Fir St, Hudson, CO 80642"
"Jenron Walker","540 Fir St, Hudson, CO 80642"
"Floodstage Ale Works","170 S Main St, Brighton, CO 80601"
"Paisano Liquors","126 W Bridge St, Brighton, CO 80601"
"Summit Wine And Spirits","385 Crossing Dr Ste 102, Lafayette, CO 80026"
Homchanh,"15 Strong St, Brighton, CO 80601"
"North American Motoring","161 High Country Dr, Lafayette, CO 80026"
"Whiskey Barrel Inc","104 Longs Peak St, Brighton, CO 80601"
"Ale House","1595 E Bridge St, Brighton, CO 80601"
"Watkins Liquors","33105 E Colfax Ave, Watkins, CO 80137"
"Old Vine Liquors Inc","5164 S Hatch Dr, Evergreen, CO 80439"
"Viking Spirits Liquor","5250 Manhattan Cir, Boulder, CO 80303"
"Auto Package Inc","10933 Dobbins Run, Lafayette, CO 80026"
"Canyon Liquors","30550 Highway 72, Golden, CO 80403"
"Williams Village Liquor","655 30th St, Boulder, CO 80303"
"Pettyjohns Liquors","613 S Broadway St, Boulder, CO 80305"
"In & Out Liquor","500 8th St Ste A, Dacono, CO 80514"
"Glacier Liqours","3652 Reliance Dr, Erie, CO 80516"
"Market Square Liquor","1832 30th St, Boulder, CO 80301"
"Rose Hill Wine & Spirits","1091 13th St, Boulder, CO 80302"
"Firestone Liquor Store Inc","562 1st St, Firestone, CO 80520"
"Brandin Iron Liquors","1227 S Main St, Longmont, CO 80501"
"High Plains Liquor","6160 Firestone Blvd # 110, Firestone, CO 80504"
"D Lam's","1236 Main St, Longmont, CO 80501"
"Hover Crossing Wine & Sprits","1844 Hover St, Longmont, CO 80501"
"Castle Rock Liquors","20 Wilcox St, Castle Rock, CO 80104"
"Greenbelt Liquors Inc","4481 Broadway St, Boulder, CO 80304"
"Good Times","305 Ken Pratt Blvd, Longmont, CO 80501"
"West View Liquor","1716 Main St Ste L, Longmont, CO 80501"
"Seven Star Liquor Mart","390 S Wilcox St, Castle Rock, CO 80104"
"Franktown Liquors","7524 E Highway 86, Franktown, CO 80116"
"A Ok Liquor","2690 28th St Ste 2, Boulder, CO 80301"
"Seed Wine Shop","1426 Pearl St, Boulder, CO 80302"
"Buffalo Spirit Liquor","4481 Broadway St, Boulder, CO 80304"
"Tabor Liquor","114 Tabor St, Elizabeth, CO 80107"
"Pit Stop Liquors","618 Cedar St, Hudson, CO 80642"
"Gunbarrel Liquor","6566 Lookout Rd, Boulder, CO 80301"
"Niwot Liquor Store","361 2nd Ave, Longmont, CO 80501"
"I 25 Liquors","1001 Caprice Dr, Castle Rock, CO 80109"
"Old Buffalo Liquors","540 Fir St, Hudson, CO 80642"
"Shots Liquors","240 Elizabeth St Ste I, Elizabeth, CO 80107"
"Erie Liquors","235 Chelsea St, Castle Rock, CO 80104"
"Outback Liquors","113 Elizabeth St, Elizabeth, CO 80107"
"Pioneer Hills Liquor Inc","29751 E 163rd Pl, Brighton, CO 80603"
"Jenron Walker","540 Fir St, Hudson, CO 80642"
"Quality Liquor Store","1236 Main St, Longmont, CO 80501"
"Delwood Square Liquors","1 Delwood Dr, Bailey, CO 80421"
"Francis Street Liquors","1147 Francis St, Longmont, CO 80501"
"Willow Springs Liquors","2795 Iris Ave, Boulder, CO 80304"
"Sportsman's Discount Liquor","1817 Main St Ste 201, Longmont, CO 80501"
"Ace Discount Liquors","2991 Pearl St, Boulder, CO 80301"
"Seven Liquors","1668 Main St, Longmont, CO 80501"
"Horizon Park Liquors Inc","2255 Main St Ste 109, Longmont, CO 80501"
"Payless Liquor","809 Wilcox St, Castle Rock, CO 80104"
"Cottonwood Liquors","510 E Colfax Ave, Bennett, CO 80102"
