"2130 Leavenworth St, San Francisco, CA 94133", 3900
"861 SUTTER STREET, San Francisco, CA", 1850
"Van Ness Avenue & Greenwich St, San Francisco, CA", 1895
"3711 19th Avenue, San Francisco, CA", 1900
"Main St & Folsom St, San Francisco, CA", 3200
"631 O'Farrell St, San Francisco, CA", 1650
"355 Berry St, San Francisco CA 94158", 2833
"3711 19th Ave, San Francisco, CA", 1775
"355 Berry St, San Francisco CA 94158", 2207
"1690 Broadway Street, San Francisco, CA 94109", 1620
"1416 Grant Ave., San Francisco, CA", 1495
"1420 CHESTNUT, San Francisco, CA", 1850
"74 New Montgomery, San Francisco, CA", 3200
"3711 19th Ave, San Francisco, CA", 1800
"355 Berry St San Francisco CA 94158", 2525
"Franklin and Jackson , San Francisco, CA 94109", 3750
"355 Berry St San Francisco CA 94158", 2386
"2000 Post Street, San Francisco, CA", 2230
"3711 19th Ave, San Francisco, CA", 1725
"342 Alemany Blvd, San Francisco, CA", 995
"301 Executive Park Blvd, San Francisco, CA", 2539
"Eddy and Van Ness, San Francisco, CA 94109", 1225
"38 Bryant Street, San Francisco, CA", 3150
"200 Brannan Street, San Francisco, CA", 3195
"281 Clara Street, San Francisco, CA", 2895
"321 Langton, San Francisco, CA", 2950
"548 Brannan Street, San Francisco, CA", 2000
"1550 Eddy St, San Francisco, CA", 1815
"5285 Diamond Heights Boulevard, San Francisco, CA 94131", 1874
"Eddy and Van Ness, San Francisco, CA 94109", 1195
"La Playa Ave and Judah Ave, San Francisco, CA", 1650
"837 Geary St, San Francisco, CA", 1895
"Page Street and Shrader Street, San Francisco, CA", 1950
"935 Sutter St, San Francisco, CA", 1850
"1300 26TH AVE, San Francisco, CA", 1475
"1390 Market St., San Francisco, California 94102", 2360
"1201 4th St, San Francisco, CA", 2580
"Baker Street and Page Street, San Francisco, CA", 1900
"50 Joice, San Francisco, CA", 1895
"1201 4th St, San Francisco, CA", 2535
"3711 19th Ave, San Francisco, CA", 1800
"56 Parnassus, San Francisco, CA", 2500
"Pine and Buchanan, San Francisco, CA", 1695
"355 Berry St San Francisco CA 94158", 2517
"2000 Post Street, San Francisco, CA", 2349
"2000 Post Street, San Francisco, CA", 2192
"355 Berry St San Francisco CA 94158", 2207
"50 Joice, San Francisco, CA", 1895
"Van Ness and Golden Gate , San Francisco, CA 94102", 2195
"Townsend and 4th St., San Francisco, CA", 2850
"Pine and Leavenworth, San Francisco, CA", 1495
"Lombard St, San Francisco, CA", 1695
"California and Pierce Street , San Francisco, CA 94115", 2900
"2033 Pierce Street, San Francisco, CA", 1895
"Steiner and Duboce, San Francisco, CA", 2000
"788 Harrison Street, San Francisco, CA 94107", 2080
"Post and Lyon, San Francisco, CA", 1600
"1535 EDDY ST, San Francisco, CA", 1645
"680 Mission St, San Francisco, CA", 3695
"2100 Post Street, San Francisco, CA", 2695
"355 1st Street, San Francisco, CA", 2695
"424 Jones St, San Francisco, CA", 1050
"50 JOICE STREET, San Francisco, CA", 1895
"1510 Eddy St, San Francisco, CA", 2160
"1201 4th Street, San Francisco CA 94158", 2580
"38 Bryant Street, San Francisco, CA", 3150
"Wilmot and Bush, San Francisco, CA", 2700
"2829 Clay St, San Francisco, CA", 2550
"2300 22nd AVE, San Francisco CA 94116", 1895
"1196 Broadway, San Francisco, CA", 1450
"465 SCOTT STREET, San Francisco, CA", 1600
"1177 California, San Francisco, CA", 2500
"828 Innes Ave, San Francisco, CA", 2100
"400 Spear St, San Francisco, CA", 2800
"GEARY and FRANKLIN, San Francisco, CA", 1240
"5285 Diamond Heights Boulevard, San Francisco, CA 94131", 1739
"750 O'Farrell Street, San Francisco, CA 94108", 1525
"1352 11th ave, San Francisco, CA", 1550
"47th and Taraval, San Francisco, CA", 1375
"500 Leavenworth, San Francisco, CA", 1450
"861 SUTTER STREET, San Francisco, CA", 1850
"Fulton St and 45th Ave,  San Francisco, CA", 1850
"601 O'Farrell, San Francisco, CA", 1425
"825 Geary St, San Francisco, CA", 1850
"1333 Gough Street, San Francisco, CA", 1925
"424 Jones St, San Francisco, CA", 1245
"Brannan and 4th Street, San Francisco, CA", 2000
"1445 48th Ave, San Francisco, CA", 1395
"2800 Van Ness Ave, San Francisco, CA", 1295
