address,value
Singapore General Hospital Outram Road,127
National University Hospital 5 Lower Kent Ridge Road,80
Tan Tock Seng Hospital 11 Jalan Tan Tock Seng,75
K K Women's & Children's Hospital 100 Bukit Timah Road,44
Alexandra Hospital 378 Alexandra Road,41
Changi General Hospital 2 Simei Street 3,20
11 Third Hospital Avenue Singapore 168751,16
Changi General Hospital 2 Simei St 3,15
National Neuroscience Institute 11 Jalan Tan Tock Seng,14
5 Lower Kent Ridge Road Singapore 119074,9
National Heart Centre Mistri Wing 17 Third Hospital Avenue,8
1 Mandalay Road Singapore 308205,8
National Cancer Centre 11 Hospital Drive,8
3 Mt Elizabeth #07-04 Mt Elizabeth Medical Centre,7
19 Tanglin Road #05-01 Tanglin Shopping Centre,7
2 Simei St 3 Singapore 529889,6
16 College Road College Of Medicine Building,6
585 North Bridge Road Singapore 188770,5
3 Mt Elizabeth #14-14 Mt Elizabeth Medical Centre,5
339 Thomson Road Thomson Medical Centre,5
10 Collyer Quay #05-06/07 Ocean Building,5
585 North Bridge Road,5
290 Orchard Road #06-11 Paragon,4
6 Napier Road #05-02 Gleneagles Medical Centre,4
1 Grange Road #06-04 Orchard Building,4
Mt Elizabeth Hospital 3 Mt Elizabeth,4
Raffles Hospital 585 North Bridge Road,4
585 North Bridge Road #01-00,4
6 Napier Road #05-04/05 Gleneagles Medical Centre,4
3 Mt Elizabeth #16-03/04 Mt Elizabeth Medical Centre,4
KK Women's & Children's Hospital 100 Bukit Timah Road,4
168751,4
Ministry of Health 16 College Road,4
Woodbridge Hospital / Institute Of Mental Health 10 BuangKok View,4
290 Orchard Road #10-01 Paragon,4
10 Collyer Quay #08-05/06 Ocean Building,4
Blk 101 Towner Road #01-216,4
Singapore General Hospital Outram Rd,4
6 Napier Road #02-16 Gleneagles Medical Centre,3
3 Mt Elizabeth #08-02 Mt Elizabeth Medical Centre,3
3 Mt Elizabeth #12-02 Mt Elizabeth Medical Centre,3
3 Mt Elizabeth #17-17/18 Mt Elizabeth Medical Centre,3
Thomson Medical Centre 339 Thomson Road,3
350 Orchard Road #08-00 Shaw House,3
3 Mt Elizabeth #03-04/05 Mt Elizabeth Medical Centre,3
3 Mt Elizabeth #15-03 Mt Elizabeth Medical Centre,3
350 Orchard Road #15-05/06 Shaw House,3
3 Mt Elizabeth #03-06/07 Mt Elizabeth Medical Centre,3
339 Thomson Road #03-03 Thomson Medical Centre,3
3 Mt Elizabeth #03-01/02 Mt Elizabeth Medical Centre,3
228510,3
298 Tiong Bahru Road #01-03/04 Central Plaza,3
6 Napier Road #07-01 Gleneagles Medical Centre,3
National University Hospital Lower Kent Ridge Road,3
308205,3
529889,3
Health Sciences Authority 11 Outram Road,3
2 Simei Street 3 Singapore 529889,3
3 Second Hospital Avenue #06-03 Health Promotion Board Building,3
Blk 163 Bukit Merah Central #04-3565,3
Dept of General Surgery Outram Road,3
National University Hospital 5 Lower Kent Ridge Rd,3
308433,3
Ministry of Manpower 18 Havelock Road #05-01,3
11 Jalan Tan Tock Seng Singapore 308433,3
Outram Road Singapore 169608,3
10 Buangkok View Singapore 539747,3
Institute Of Mental Health 10 Buangkok View,3
1 Jalan Anak Bukit #B1-08/10 Bukit Timah Plaza,3
120 Cantonment Road #02-05 Maritime House,3
Blk 63B Lengkok Bahru #01-366,3
260 Orchard Road #07-08/09 The Heeren,3
111 North Bridge Road #04-36 Peninsula Plaza,3
Blk 169 Stirling Road #01-1165,3
9 Raffles Place #29-02 Republic Plaza,3
Aeromedical Centre 492 Airport Road,3
Blk 18 Bedok South Road #01-57,3
12 Tampines Central 1 #02-01 DBS Tampines Centre,3
100 Yishun Central,3
Blk 723 Ang Mo Kio Ave 8 #01-4136,3
Outram Rd Singapore 169608,3
11 Hospital Drive Singapore 169610,3
3 Mount Elizabeth #08-01 Mount Elizabeth Medical Centre,3
3 Mt Elizabeth #13-07 Mt Elizabeth Medical Centre,2
6 Napier Road #06-08 Gleneagles Medical Centre,2
3 Mt Elizabeth #15-02 Mt Elizabeth Medical Centre,2
3 Mt Elizabeth #16-13 Mt Elizabeth Medical Centre,2
290 Orchard Road #12-01 Paragon,2
3 Mt Elizabeth #10-12 Mt Elizabeth Medical Centre,2
6 Napier Road #07-07 Gleneagles Medical Centre,2
3 Mt Elizabeth #16-06 Mt Elizabeth Medical Centre,2
290 Orchard Road #15-05/06 Paragon,2
3 Mt Elizabeth #16-14 Mt Elizabeth Medical Centre,2
19 Tanglin Road #06-54 Tanglin Shopping Centre,2
290 Orchard Road #08-08 Paragon,2
1 Orchard Boulevard #02-01 Camden Medical Centre,2
3 Mt Elizabeth #14-15 Mt Elizabeth Medical Centre,2
3 Mt Elizabeth #05-10 Mt Elizabeth Medical Centre,2
3 Mt Elizabeth #05-09 Mt Elizabeth Medical Centre,2
3 Mt Elizabeth #10-04 Mt Elizabeth Medical Centre,2
3 Mt Elizabeth #13-04 Mt Elizabeth Medical Centre,2
3 Mt Elizabeth #10-09 Mt Elizabeth Medical Centre,2
1 Grange Road #10-11 Orchard Building,2
36/38 Haig Road Singapore 438740,2
ONE Philip Street #04-01,2
Blk 283 Bukit Batok East Ave 3 #01-271,2
6 Napier Road #10-11 Gleneagles Medical Centre,2
3 Mt Elizabeth #12-08 Mt Elizabeth Medical Centre,2
6 Napier Road #02-18 Gleneagles Medical Centre,2
3 Mt Elizabeth #14-02 Mt Elizabeth Medical Centre,2
6 Napier Road #08-07 Gleneagles Medical Centre,2
Blk 61 Teban Gardens Road #01-01,2
585 North Bridge Rd Singapore 188770,2
Blk 492 Jurong West St 41 #01-56,2
3 Mt Elizabeth #07-10 Mt Elizabeth Medical Centre,2
3 Mt Elizabeth #12-09 Mt Elizabeth Medical Centre,2
3 Mt Elizabeth #10-03 Mt Elizabeth Medical Centre,2
6 Napier Road #06-11 Gleneagles Medical Centre,2
3 Mt Elizabeth #10-13 Mt Elizabeth Medical Centre,2
3 Mt Elizabeth #08-07 Mt Elizabeth Medical Centre,2
3 Mt Elizabeth #14-06 Mt Elizabeth Medical Centre,2
6 Napier Road #05-16 Gleneagles Medical Centre,2
6 Napier Road #07-11/12 Gleneagles Medical Centre,2
290 Orchard Road #08-01 Paragon,2
3 Mt Elizabeth #10-05 Mt Elizabeth Medical Centre,2
3 Mt Elizabeth #11-17/18 Mt Elizabeth Medical Centre,2
6 Napier Road #09-02/03 Gleneagles Medical Centre,2
3 Mt Elizabeth #17-11 Mt Elizabeth Medical Centre,2
126 Balestier Road Singapore 329681,2
3 Mt Elizabeth #17-16 Mt Elizabeth Medical Centre,2
339 Thomson Road #03-05 Thomson Medical Centre,2
Blk 508 Bishan St 11 #01-386,2
6 Napier Road #09-09 Gleneagles Medical Centre,2
Blk 828 Tampines St 81 #01-238,2
300 Tampines Ave 5 #01-05 Tampines Junction,2
3 Mt Elizabeth #09-04 Mt Elizabeth Medical Centre,2
585 North Bridge Road #11-00,2
3 Mt Elizabeth #15-08 Mt Elizabeth Medical Centre,2
585 North Bridge Road #13-00,2
3 Mt Elizabeth #05-01 Mt Elizabeth Medical Centre,2
1 Orchard Boulevard #07-05 Camden Medical Centre,2
6 Napier Road #03-04 Gleneagles Medical Centre,2
3 Mt Elizabeth #09-02 Mt Elizabeth Medical Centre,2
3 Mt Elizabeth #12-03 Mt Elizabeth Medical Centre,2
6 Napier Road #09-19 Gleneagles Medical Centre,2
3 Mt Elizabeth #13-08 Mt Elizabeth Medical Centre,2
100 Bukit Timah Road Singapore 229899,2
3 Mt Elizabeth #11-01 Mt Elizabeth Medical Centre,2
Mistri Wing 17 Third Hospital Ave,2
National Heart Centre 17 Third Hospital Avenue,2
National Heart Centre Mistri Wing 17 Hospital Avenue,2
11 Jalan Tan Tock Seng Irrawaddy Block,2
Tan Tock Seng Hospital 11 Jln Tan Tock Seng,2
10 Buangkok View Blk 9 Level 1,2
51 Margaret Drive Singapore 149296,2
National Healthcare Group,2
Singapore Health Services SGH - General Surgery,2
6 Napier Road #09-13 Gleneagles Medical Centre,2
492 Airport Road Aeromedical Centre,2
169610,2
National Kidney Foundation 81 Kim Keat Road,2
Blk 212 Bedok North St 1 #03-147,2
College of Medicine Building 16 College Road,2
350 Orchard Road #15-01 Shaw House,2
Blk 668 Chander Road #01-20,2
1 Thomson Road #01-342A Balestier Hill Shopping Centre,2
275A Holland Avenue,2
Blk 35 Telok Blangah Rise #01-295,2
18 Cross Street #02-33 China Square Central,2
Blk 35 Dover Road #01-179,2
290 Orchard Road #08-05 Paragon,2
541 Orchard Road #10-02 Liat Towers,2
1 Tanjong Pagar Plaza #01-10,2
456 Alexandra Road #02-01 NOL Building,2
150 Beach Road #22-00 Gateway West,2
350 Orchard Road #15-07 Shaw House,2
Blk 9 Telok Blangah Crescent #01-135,2
1 Orchard Boulevard #04-01/02 Camden Medical Centre,2
287 Beach Road #01-00,2
210 Middle Road #08-07 IOI Plaza,2
16 Raffles Quay #B1-15 Hong Leong Building,2
35 Selegie Road #05-06 Parklane Shopping Mall,2
86 Redhill Close #01-600,2
Blk 40 Beo Crescent #01-04,2
11 Collyer Quay #03-28 The Arcade,2
391B Orchard Road #08-04 Ngee Ann City Tower B,2
Blk 451 Clementi Ave 3 #02-307,2
230 Orchard Road #12-236 Faber House,2
6 Shenton Way #21-10 DBS Building Tower 2,2
545 Orchard Road #B1-01/04 Far East Shopping Centre,2
182 Clemenceau Avenue,2
20 Raffles Place #14-02 Ocean Towers,2
10 Anson Road #36-01 International Plaza,2
51 Upper Weld Road,2
Blk 352 Clementi Ave 2 #01-111,2
Blk 517 West Coast Road #01-561,2
328 North Bridge Road #03-02 Raffles Hotel Arcade,2
Health Sciences Authority 11 Biopolis Way #11-03 Helios,2
Blk 114 Bukit Merah View #01-588,2
Blk 88 Whampoa Drive #01-863,2
Blk 304 Ubi Avenue 1 #01-127,2
Blk 101 Towner Road #01-202,2
S'pore Press Holdings News Centre 1000 Toa Payoh North,2
Blk 125 Lor 1 Toa Payoh #01-549,2
187 Upper Paya Lebar Road,2
Blk 523 Hougang Ave 6 #01-119,2
Blk 3 Lorong Lew Lian #01-64,2
1 Pasir Ris Central St 3 #05-09 White Sands,2
Blk 59 New Upper Changi Road #01-1224,2
67 Kallang Bahru #01-447,2
Blk 2 East Coast Road #01-876,2
55 Siglap Road #02-11/12 Siglap Centre,2
Blk 681 Hougang Ave 8 #01-831,2
Blk 258 Pasir Ris St 21 #02-327,2
Blk 537 Bedok North St 3 #01-557,2
Blk 744 Bedok Reservoir Road #01-3065,2
Blk 445 Fajar Road #02-534 Fajar Shopping Centre,2
573 Balestier Road,2
389 Upper Aljunied Road,2
Blk 2A Eunos Crescent #01-2447,2
137 Upper Paya Lebar Road,2
Blk 48 Sims Place #01-167,2
Blk 123 Bedok North St 2 #01-160,2
705 Serangoon Road,2
Blk 218 Bedok North St 1 #01-17,2
Blk 531 Bedok North St 3 #01-692,2
Blk 95 Toa Payoh Lorong 4 #01-66,2
#B16-025 Basement Passenger Terminal Building 2 Changi Airport,2
Blk 102 Yishun Ave 5 #01-117,2
Blk 103 Gangsa Road #01-39,2
12 Woodlands Road,2
Blk 452 Ang Mo Kio Ave 10 #01-1787,2
Blk 451 Ang Mo Kio Ave 10 #01-1765,2
Blk 235 Yishun St 21 #01-460,2
Blk 483 Admiralty Link #01-23,2
Blk 226C Ang Mo Kio Ave 1 #01-649,2
Blk 326 Serangoon Ave 3 #01-382,2
Blk 524A Jelapang Road #02-13 Greenridge Shopping Centre,2
Blk 258 Bukit Panjang Ring Road #01-42,2
574623,2
Blk 292 Yishun St 22 #01-285,2
Blk 713 Ang Mo Kio Ave 6 #01-4052,2
Blk 627 Yishun St 61 #01-63,2
923 Yishun Central 1 #01-352,2
Blk 531 Ang Mo Kio Ave 10 #01-2447,2
Blk 399 Yung Sheng Road #01-55,2
Blk 339 Yung Sheng Road #01-31,2
Blk 289E Bukit Batok St 25 #01-160,2
1 Jurong West Central 2 #06-09 Jurong Point,2
Blk 642 Bukit Batok Central #01-52,2
9 Choa Chu Kang Ave 4,2
Blk 304 Choa Chu Kang Ave 4 #01-653,2
Blk 137 Teck Whye Lane #01-329 Teck Whye Shopping Centre,2
Blk 253 Jurong East St 24 #01-247,2
Blk 959 Jurong West St 92 #01-154,2
960 Jurong West St 92 #01-184,2
2 Bukit Batok St 11,2
2 Teck Whye Crescent #01-00,2
Blk 960 Jurong West St 92 #01-172,2
Blk 492 Jurong West St 41 #01-08,2
Blk 64 Yung Kuang Road #01-107/111,2
Blk 498 Jurong West St 41 #01-464,2
Blk 253 Jurong East St 24 #01-227,2
Blk 475 Choa Chu Kang Ave 3 #02-01,2
National University of Singapore Lower Kent Ridge Road,2
National University Of Singapore 16 Medical Drive,2
School of Health Sciences 180 Ang Mo Kio Ave 8,2
Singapore Health Services SGH - Anaesthesia,2
Cardiology,2
Dept of colorectal surgery Outram Road,2
2 SengKang Square #01-06 SengKang Community Hub,2
11 Jln Tan Tock Seng Singapore 308433,2
NUH 5 Lower Kent Ridge Road,2
3 Mount Elizabeth, #05-03 Mount Elizabeth Medical Centre,1
6A Napier Road #04-39A Gleneagles Annexe Block,1
820 Thomson Road #01-05 Mount Alvernia Medical Centre,1
205 Jalan Eunos #10-07,1
42 Oei Tiong Ham Park Singapore 267047,1
19 Tanglin Road #05-32 Tanglin Shopping Centre,1
820 Thomson Road #01-05 Blk A Mt Alvernia Medical Centre,1
510 Thomson Road #02-02 SLF Building,1
24 Vanda Crescent Singapore 287913,1
P.O. Box 553 Tanglin Post Office,1
820 Thomson Road #01-05 Mt Alvernia Medical Centre Blk A,1
c/o 27K Fernhill Road Fernhill Grove Apartments,1
17 Greenmead Avenue Singapore 289409,1
34 Oriole Crescent Singapore 288626,1
40 Jalan Rebana Singapore 577006,1
3 Mt Elizabeth Road #11-07 Mt Elizabeth Medical Centre,1
7 Kheam Hock Road Singapore 298780,1
#09-173 Singapore 570309,1
c/o Tanglin Post Office P O Box 677,1
3 Mt Elizabeth #03-06/08 Mt Elizabeth Medical Centre,1
10 Raglan Grove Singapore 556259,1
205 Jalan Eunos #10-07 Eunos Mansion,1
3 Mt Elizabeth #13-07 Mount Elizabeth Medical Centre,1
3 Mt Elizabeth #14-12, Mt Elizabeth Medical Centre,1
115 Upper Paya Lebar Road Singapore 534833,1
#15-01 Camden Medical Centre Singapore 248649,1
6 Napier Road #02-02 Gleneagles Medical Centre,1
319 Joo Chiat Place #05-07 East Shore Medical Centre,1
3 Mount Elizabeth #06-07 Mt Elizabeth Medical Centre,1
3 Mt Elizabeth #06-06 Mt Elizabeth Medical Centre,1
6 Napier Road #03-05 Gleneagles Medical Centre,1
3 Mt Elizabeth #13-15 Mt Elizabeth Medical Centre,1
6 Napier Road #02-15 Gleneagles Medical Centre,1
319 Joo Chiat Road #02-05 East Shore Medical Centre,1
3 Mt Elizabeth #10-02 Mt Elizabeth Medical Centre,1
391B Orchard Road #08-01 Tower B, Ngee Ann City,1
3 Mt Elizabeth #11-05/06 Mt Elizabeth Medical Centre,1
3 Mt Elizabeth #16-08 Mt Elizabeth Medical Centre,1
3 Mt Elizabeth #17-06 Mt Elizabeth Medical Centre,1
6 Napier Road #04-02 Gleneagles Medical Centre,1
3 Mt Elizabeth #15-14 Mt Elizabeth Medical Centre,1
3 Mt Elizabeth #04-07 Mt Elizabeth Medical Centre,1
1 Grange Road #10-08 Orchard Building,1
6 Napier Road #04-07 Gleneagles Medical Centre,1
3 Mt Elizabeth #06-01/02 Mt Elizabeth Medical Centre,1
6 Napier Road #10-10 Gleneagles Medical Centre,1
6 Napier Road #04-10 Gleneagles Medical Centre,1
6 Napier Road #04-13 Gleneagles Medical Centre,1
3 Mt Elizabeth #16-06/07 Mt Elizabeth Medical Centre,1
6 Napier Road #04-08 Gleneagles Medical Centre,1
820 Thomson Road #03-12,1
820 Thomson Road #01-10 Mt Alvernia Medical Centre,1
3 Mt Elizabeth #09-09 Mt Elizabeth Medical Centre,1
3 Mt Elizabeth #07-06 Mt Elizabeth Medical Centre,1
277 Orchard Road #03-50/51 Specialists' Shopping Centre,1
190 Clemenceau Avenue #05-22 Singapore Shopping Centre,1
3 Mt Elizabeth #12-05 Mt Elizabeth Medical Centre,1
3 Mt Elizabeth #04-09 Mt Elizabeth Medical Centre,1
19 Tanglin Road #05-09 Tanglin Shopping Centre,1
6 Napier Road #09-06 Gleneagles Medical Centre,1
290 Orchard Road #11-16/18 The Paragon,1
304 Orchard Road #06-42 Lucky Plaza,1
1 Sophia Road #04-20 Peace Centre,1
6 Napier Road #03-19 Gleneagles Medical Centre,1
3 Mt Elizabeth #08-05 Mt Elizabeth Medical Centre,1
Blk 503 Bishan St 11 #01-460 Bishan Town Centre,1
290 Orchard Road #13-01 Paragon Medical Tower,1
Blk 333 Kreta Ayer Road #02-14,1
6 Napier Road #07-08 Gleneagles Medical Centre,1
35 Selegie Road #03-02 Parklane Shopping Mall,1
6A Napier Road #02-25/26 Singapore 258500,1
3 Mt Elizabeth #01-01 Mt Elizabeth Medical Centre,1
15 Cairnhill Road #04-03 Cairnhill Place,1
3 Mt Elizabeth Mt Elizabeth Hospital,1
3 Mount Elizabeth #01-01 Mount Elizabeth Medical Centre,1
290 Orchard Road #08-08 Paragon Medical,1
Blk 38 Teban Gardens Road #01-318,1
Gleneagles Hospital 6A Napier Road,1
290 Orchard Road #11-10 Paragon,1
19 Tanglin Road #06-50 Tanglin Shopping Centre,1
6 Napier Road #09-07 Gleneagles Medical Centre,1
Blk 118 Boon Lay Drive #01-288,1
3 Mt Elizabeth #10-16 Mt Elizabeth Medical Centre,1
50 Armenian Street #01-01 Wilmer Place,1
3 Mt Elizabeth #14-11 Mt Elizabeth Medical Centre,1
6 Napier Road #10-04 Gleneagles Medical Centre,1
6 Napier Road #08-17 Gleneagles Medical Centre,1
3 Mt Elizabeth #13-11 Mt Elizabeth Medical Centre,1
3 Mt Elizabeth #14-17 Mt Elizabeth Medical Centre,1
290 Orchard Road Paragon #12-01,1
3 Mt Elizabeth #12-13 Mount Elizabeth Medical Centre,1
820 Thomson Road #02-10 Mt Alvernia Medical Centre Block B,1
6 Napier Road #07-15 Gleneagles Medical Centre,1
3 Mt Elizabeth #12-06 Mt Elizabeth Medical Centre,1
1 Orchard Boulevard #04-04/05 Camden Medical Centre,1
6 Napier Road #08-05 Gleneagles Medical Centre,1
3 Mt Elizabeth #16-05 Mt Elizabeth Medical Centre,1
248649,1
3 Mt Elizabeth #08-03/04 Mt Elizabeth Medical Centre,1
368 Balestier Road Singapore 329784,1
3 Mount Elizabeth #15-14 Mount Elizabeth Medical Centre,1
3 Mt Elizabeth #15-18 Mt Elizabeth Medical Centre,1
820 Thomson Road #03-11 Mt Alvernia Medical Centre Blk B,1
6 Napier Road #09-16 Gleneagles Medical Centre,1
6 Napier Road #07-10 Gleneagles Medical Centre,1
3 Mt Elizabeth #14-12 Mt Elizabeth Medical Centre,1
3 Mt Elizabeth #15-06 Mt Elizabeth Medical Centre,1
820 Thomson Road Blk A #01-05 Mount Alvernia Medical Centre,1
3 Mt Elizabeth #17-02 Mt Elizabeth Medical Centre,1
3 Mt Elizabeth #17-15 Mt Elizabeth Medical Centre,1
6 Napier Road #05-06 Gleneagles Medical Centre,1
3 Mt Elizabeth #16-16 Mt Elizabeth Medical Centre,1
6 Napier Road #10-08 Gleneagles Medical Centre,1
6 Napier Road #10-02 Gleneagles Medical Centre,1
6 Napier Road #04-04 Gleneagles Medical Centre,1
3 Mount Elizabeth #13-14 Mount Elizabeth Medical Centre,1
3 Mt Elizabeth #15-01 Mt Elizabeth Medical Centre,1
Blk 510 Bedok North St 3 #01-69,1
Specialist Medical & Skin Clinic 76 Jalan Jurong Kechil,1
3 Mt Elizabeth #13-09/10 Mt Elizabeth Medical Centre,1
Blk 83 Marine Parade #01-580,1
391 Orchard Road #05-14 Ngee Ann City, Podium Tower,1
360 Orchard Road #04-06/08 International Building,1
360 Orchard Road #04-06/07 International Building,1
351 Chai Chee Street Singapore 468982,1
1 Orchard Boulevard #04-01/02 The Camden Medical Centre,1
3 Mt Elizabeth #08-03 Mt Elizabeth Medical Centre,1
8 Tai Thong Crescent Singapore 347842,1
3 Mt Elizabeth #11-12 Mt Elizabeth Medical Centre,1
20 Bendemeer Road #01-02/06 Cyberhub Building,1
30 Robinson Road #07-03 Robinson Towers (Annex),1
277 Orchard Rd #03-50/51 Specialists' Shopping Centre,1
3 Mt Elizabeth #16-09 Mt Elizabeth Medical Centre,1
3 Mount Elizabeth #16-11 Mount Elizabeth Medical Centre,1
19 Tanglin Road #05-26 Tanglin Shopping Centre,1
6 Napier Road #05-10 Gleneagles Medical Centre,1
3 Mt Elizabeth #08-06 Mt Elizabeth Medical Centre,1
3 Mt Elizabeth #17-01 Mt Elizabeth Medical Centre,1
3 Mt Elizabeth #14-05 Mt Elizabeth Medical Centre,1
6 Napier Road #03-10 Gleneagles Medical Centre,1
6 Napier Road #09-14 Gleneagles Medical Centre,1
6 Napier Road #03-03 Gleneagles Medical Centre,1
820 Thomson Road #01-16/17 Mount Alvernia Medical Centre B,1
290 Orchard Road #09-07/08 Paragon Medical Suites,1
6 Napier Road #03-06 Gleneagles Medical Centre,1
6 Napier Road #08-06 Gleneagles Medical Centre,1
#08-00 Shaw House 350 Orchard Road,1
6 Napier Road #02-17/18/19 Gleneagles Medical Centre,1
3 Mt Elizabeth #03-09 Mt Elizabeth Medical Centre,1
6 Napier Road #07-04 Gleneagles Medical Centre,1
319 Joo Chiat Place East Shore Medical Centre,1
290 Orchard Road #09-12 The Paragon,1
3 Mt Elizabeth #07-09 Mt Elizabeth Medical Centre,1
6 Napier Road #06-09 Gleneagles Medical Centre,1
820 Thomson Road #02-05 Mt Alvernia Medical Centre Blk A,1
3 Mt Elizabeth #12-12 Mt Elizabeth Medical Centre,1
6 Napier Road #05-14 Gleneagles Medical Centre,1
3 Mt Elizabeth #10-14 Mt Elizabeth Medical Centre,1
6A Napier Road #02-37 Gleneagles Medical Centre,1
3 Mt Elizabeth #05-04 Mt Elizabeth Medical Centre,1
820 Thomson Road #02-03 Blk A Mt Alvernia Medical Centre,1
820 Thomson Road #02-04 Mt Alvernia Medical Centre,1
Blk 681 Hougang Ave 8 #01-837,1
304 Orchard Road #06-40 Lucky Plaza,1
3 Mt Elizabeth #14-18 Mt Elizabeth Medical Centre,1
3 Mt. Elizabeth #04-02,1
6 Napier Road Singapore 258500,1
Blk 221 Boon Lay Place #01-240/244,1
Singapore Chemical Conplex 100 Jurong Island Highway,1
83 Clemenceau Avenue Singapore 239920,1
Blk 123 Bukit Merah Lane 1 #01-104,1
Blk 303 Jurong East St 32 #01-92,1
Blk 51 Circuit Road #01-797,1
6 Napier Road #10-03 Gleneagles Medical Centre,1
3 Mt Elizabeth #13-16/17 Mt Elizabeth Medical Centre,1
6 Napier Road #02-14 Gleneagles Medical Centre,1
3 Mt Elizabeth #11-08 Mt Elizabeth Medical Centre,1
3 Mt Elizabeth #15-04 Mt Elizabeth Medical Centre,1
3 Mt Elizabeth #15-09 Mt Elizabeth Medical Centre,1
Gleneagles Hospital Pte Ltd 6A Napier Road Level 1,1
3 Mt Elizabeth #17-03/05 Mt Elizabeth Medical Centre,1
3 Mt Elizabeth #12-14 Mt Elizabeth Medical Centre,1
6 Napier Road #03-12 Gleneagles Medical Centre,1
319 Joo Chiat Place #03-02 East Shore Medical Centre,1
3 Mt Elizabeth #13-05 Mt Elizabeth Medical Centre,1
6A Napier Road #02-36/37 Gleneagles Annexe Block,1
Blk 34 Whampoa West #01-47,1
6 Napier Road #04-03 Gleneagles Medical Centre,1
3 Mt Elizabeth #05-02 Mt Elizabeth Medical Centre,1
Medical Directorate 81 Kim Keat Road,1
3 Mt Elizabeth #11-02 Mt Elizabeth Medical Centre,1
3 Mt Elizabeth #16-12 Mt Elizabeth Medical Centre,1
3 Mt Elizabeth #11-16 Mt Elizabeth Medical Centre,1
6 Napier Road #05-17 Gleneagles Medical Centre,1
1 Orchard Boulevard #07-02 Camden Medical Centre,1
3 Mt Elizabeth #11-04 Mt Elizabeth Medical Centre,1
6A Napier Road #05-39 Gleneagles Hospital Annexe Block,1
3 Mt Elizabeth #14-01 Mt Elizabeth Medical Centre,1
140 Tamarind Road Singapore 806087,1
6 Napier Road #04-19 Gleneagles Medical Centre,1
3 Mt Elizabeth #10-01 Mt Elizabeth Medical Centre,1
6 Napier Road #03-16 Gleneagles Medical Centre,1
3 Mt Elizabeth #06-09 Mt Elizabeth Medical Centre,1
319 Joo Chiat Place #03-01 East Shore Hospital,1
3 Mt Elizabeth #10-15 Mt Elizabeth Medical Centre,1
6 Napier Road #06-17 Gleneagles Medical Centre,1
3 Mt Elizabeth #10-10 Mt Elizabeth Medical Centre,1
6 Napier Road #09-10 Gleneagles Medical Centre,1
3 Mount Elizabeth #14-15 Mount Elizabeth Medical Centre,1
6 Napier Road #10-09 Gleneagles Medical Centre,1
3 Mount Elizabeth #09-02 Mount Elizabeth Medical Centre,1
30 Sembawang Drive #03-06 Sun Plaza,1
1 Grange Road #10-09 Orchard Building,1
Blk 352 Clementi Ave 2 #01-127,1
6 Napier Road #03-15 Gleneagles Medical Centre,1
14 Scotts Road #05-13 Far East Plaza,1
Geneagles Medical Centre 6 Napier Road #08-13,1
3 Mt Elizabeth #09-06/08 Mt Elizabeth Medical Centre,1
106A Punggol Field #01-546,1
Blk 501 Bishan St 11 #01-362,1
6A Napier Road #04-38 Annexe Block, Gleneagles Hospital,1
Gleneagles Medical Centre 6 Napier Road #08-13,1
3 Mt Elizabeth #13-01 Mt Elizabeth Medical Centre,1
Blk 163 Ang Mo Kio Ave 4 #01-416,1
6 Napier Road #06-05/06 Gleneagles Medical Centre,1
6 Napier Road #07-18/19 Gleneagles Medical Centre,1
3 Mount Elizabeth #13-13 Mt Elizabeth Medical Centre,1
6 Napier Road #07-09 Gleneagles Medical Centre,1
75 Serangoon Garden Way Singapore 555971,1
304 Orchard Road #05-45 Lucky Plaza,1
339 Thomson Road #03-00 Thomson Medical Centre,1
2A Chun Tin Road Singapore 599589,1
Blk 113 Aljunied Ave 2 #01-21,1
6 Napier Road #05-18/19 Gleneagles Medical Centre,1
301 Upper Thomson Road #03-09 Thomson Plaza,1
290 Orchard Road #09-01/02 The Paragon,1
6 Napier Road #08-13 Gleneagles Medical Centre,1
255 Changi Road Singapore 419745,1
319 Joo Chiat Place #05-05 East Shore Medical Centre,1
Blk 846 Yishun Ring Road #01-3635,1
820 Thomson Road #02-06/07 Mt Alvernia Medical Centre Blk A,1
3 Mt Elizabeth #13-14 Mt Elizabeth Medical Centre,1
3 Mt Elizabeth, #12-16/17 Mt Elizabeth Medical Centre,1
Blk 721 Ang Mo Kio Ave 8 #01-2813,1
14 Scotts Road #04-08 Far East Plaza,1
339 Thomson Road 4th Fl Thomson Medical Centre,1
Blk 183 Toa Payoh Central #01-260,1
300 Tampines Avenue 5 #01-05,1
319 Joo Chiat Place #04-01/02 East Shore Medical Centre,1
3 Mt Elizabeth #16-17/18 Mt Elizabeth Medical Centre,1
Camden Medical Centre 1 Orchard Boulevard #03-05/06,1
35 Selegie Road #05-07 Parklane Shopping Centre,1
230 Orchard Road #05-236 Faber House,1
6 Napier Road #08-15/16 Gleneagles Medical Centre,1
3 Mt Elizabeth #08-01 Mt Elizabeth Medical Centre,1
127 Joo Chiat Road Singapore 427414,1
339 Thomson Road #06-05 Thomson Medical Centre,1
339 Thomson Road #03-02 Thomson Medical Centre,1
3 Mt Elizabeth #05-03 Mt Elizabeth Medical Centre,1
339 Thomson Road Level 5 Thomson Medical Centre,1
3 Mt Elizabeth #13-02 Mt Elizabeth Medical Centre,1
6 Napier Road #10-07 Gleneagles Medical Centre,1
140 Upper Bukit Timah Road #02-03 Beauty World Plaza,1
3 Mt Elizabeth #10-06 Mt Elizabeth Medical Centre,1
Blk 492 Jurong West St 41 #01-80,1
1 Grange Road #10-03 Orchard Building,1
150 Orchard Road #06-18 Orchard Plaza,1
820 Thomson Road #03-16/17 Mt Alvernia Medical Centre Blk B,1
Blk 821 Tampines St 81 #01-216,1
150 Orchard Road #06-19 Orchard Plaza,1
80 Marine Parade Road #05-04 Parkway Parade Medical Centre,1
3 Mt Elizabeth #15-15 Mt Elizabeth Medical Centre,1
3 Mt Elizabeth #07-02 Mt Elizabeth Medical Centre,1
3 Mt Elizabeth #12-18 Mt Elizabeth Medical Centre,1
6 Napier Road #08-08 Gleneagles Medical Centre,1
3 Mt Elizabeth #11-07 Mt Elizabeth Medical Centre,1
Blk 108 Hougang Ave 1 #01-1259,1
3 Mt Elizabeth #12-16 Mt Elizabeth Medical Centre,1
3 Simei St 6 #04-26 Eastpoint,1
6 Napier Road #03-18 Gleneagles Medical Centre,1
339 Thomson Road #04-05 Thomson Medical Centre,1
3 Mt Elizabeth #10-07 Mt Elizabeth Medical Centre,1
339 Thomson Road #04-07 Thomson Medical Centre,1
3 Mt Elizabeth #12-17 Mt Elizabeth Medical Centre,1
5 Koek Road #06-02 Cuppage Plaza,1
3 Mt Elizabeth #17-09 Mt Elizabeth Medical Centre,1
6 Napier Road #05-01 Gleneagles Medical Centre,1
19 Tanglin Road #05-04 Tanglin Shopping Centre,1
Thomson Medical Centre,1
Blk 136 Bedok North Ave 3 #01-158,1
435 Orchard Road #11-06 Wisma Atria,1
400 Balestier Road #02-20 Balestier Plaza,1
1 Scotts Road #17-11/12 Shaw Centre,1
3 Mt Elizabeth #16-11 Mt Elizabeth Medical Centre,1
1 Orchard Boulevard #03-01 Camden Medical Centre,1
Blk 801 Tampines Ave 4 #01-273,1
90 Hougang Ave 10 #04-03/05 Hougang Mall,1
3 Mt Elizabeth #04-08 Mt Elizabeth Medical Centre,1
304 Orchard Road #06-51 Lucky Plaza,1
6 Napier Road #08-09 Gleneagles Medical Centre,1
Mt Elizabeth Medical Centre 3 Mt Elizabeth Suite #09-08,1
339 Thomson Road #05-04 Thomson Medical Centre,1
3 Mt Elizabeth #13-13 Mt Elizabeth Medical Centre,1
6A Napier Road #02-38 Annexe Block, Gleneagles Hospital,1
6 Napier Road #06-19 Gleaneagles Medical Centre,1
3 Mt Elizabeth #15-12 Mt Elizabeth Medical Centre,1
3 Mt Elizabeth #14-09 Mt Elizabeth Medical Centre,1
6 Napier Road #05-09 Gleneagles Medical Centre,1
3 Mt Elizabeth #03-08 Mt Elizabeth Medical Centre,1
Raffles Hospital #02-00 585 North Bridge Road,1
3 Mt Elizabeth #10-18 Mt Elizabeth Medical Centre,1
304 Orchard Road #06-43 Lucky Plaza,1
3 Mt Elizabeth #05-05 Mt Elizabeth Medical Centre,1
6A Napier Road #02-38 Gleneagle Hospital, Annexe Block,1
3 Mt Elizabeth #16-01 Mt Elizabeth Medical Centre,1
One Orchard Boulevard #16-01 Camden Medical Centre,1
1 Kim Seng Promenade #01-38A Great World City,1
6 Napier Road #07-16/17 Gleneagles Medical Centre,1
304 Orchard Road #06-49 Lucky Plaza,1
1 Orchard Boulevard #10-06 Camden Medical Centre,1
319 Joo Chiat Place #04-07 East Shore Medical Centre,1
35 Selegie Road #04-08 Parklane Shopping Mall,1
3 Mount Elizabeth #05-05 Mt Elizabeth Medical Centre,1
6A Napier Road #02-38 Annexe Blk Gleneagles Hospital,1
6 Napier Road #02-10/11 Gleneagles Medical Centre,1
6 Napier Road #04-05 Gleneagles Medical Centre,1
3 Mt Elizabeth #03-03 Mt Elizabeth Medical Centre,1
319 Joo Chiat Place #03-01 East Shore Medical Centre,1
3 Mount Elizabeth Road, Suite 12-10 Mount Elizabeth Medical Centre,1
6 Napier Road #09-15 Gleneagles Medical Centre,1
3 Mount Elizabeth #14-06 Mt Elizabeth Medical Centre,1
3 Mt Elizabeth #05-07/08 Mt Elizabeth Medical Centre,1
3 Mt Elizabeth #05-07 Mt Elizabeth Medical Centre,1
3 Mt Elizabeth #17-08 Mt Elizabeth Medical Centre,1
3 Mt Elizabeth Road #06-03 Mt Elizabeth Medical Centre,1
3 Mt Elizabeth #13-12 Mt Elizabeth Medical Centre,1
East Shore Medical Centre 321 Joo Chiat Place #02-06,1
Mt Elizabeth Medical Centre/Gleneagles Medical Centre 3 Mt Elizabeth Road #06-03/6 Napier Road #02-16,1
3 Mt Elizabeth #08-04 Mt Elizabeth Medical Centre,1
290 Orchard Road #12-01 Paragon Tower,1
820 Thomson Road, Blk A #01-01 Mt Alvernia Medical Centre,1
Blk 431 Clementi Ave 3 #01-308,1
3 Mt Elizabeth #17-12 Mt Elizabeth Medical Centre,1
Blk 417 Yishun Ave 11 #01-327,1
Blk 130 Jurong East Central Jurong East St 13 #01-221,1
Blk 177 Toa Payoh Central #01-160,1
225 Upper Thomson Road Singapore 574357,1
319 Joo Chiat Place #03-06 East Shore Medical Centre,1
Blk 726 Ang Mo Kio Ave 6 #01-4156,1
Blk 726 Ang Mo Kio Avenue 6 #01-4156,1
6 Napier Road #03-13 Gleneagles Medical Centre,1
Blk 139 Tampines St 11 #01-52,1
458 Upper Bukit Timah Road The Rail Mall,1
Blk 59 Marine Terrace #01-83,1
820 Thomson Road #01-01 / 339 Thomson Road #05-06 Mt Alvernia Medical Centre / Thomson Medical Centre,1
Blk 136 Bedok North Avenue 3 #01-154,1
14 Mount Elizabeth #13-03 Elizabeth Tower,1
319 Joo Chiat Place #04-01 East Shore Medical Centre,1
557 Bukit Timah Road #02-10/11 Crown Centre,1
3 Mt Elizabeth #11-03 Mt Elizabeth Medical Centre,1
339 Thomson Road #05-06 Thomson Medical Centre,1
19 Tanglin Road #06-18 Tanglin Shopping Centre,1
Blk 7 Everton Park #01-17,1
3 Mount Elizabeth #12-14 Mount Elizabeth Medical Centre,1
Blk 510 Bedok North St 3 #01-47,1
290 Orchard Road #07-02 Paragon Singapore 238859,1
Blk 237 Compassvale Walk #01-532,1
820 Thomson Road #02-22 Mt Alvernia Medical Centre Block A,1
820 Thomson Road #02-02 Mt Alvernia Medical Centre,1
Arizona 85202,1
583 Orchard Road #02-08/09 Forum The Shopping Mall,1
11 Rivervale Crescent #01-02A Rivervale Mall,1
Blk 303 Woodlands St 31 #01-177,1
1 Jurong West Central 2 #06-13 Jurong Point,1
849 Woodlands St 82 #01-209,1
3 Mt Elizabeth #09-05 Mt Elizabeth Medical Centre,1
290 Orchard Road #09-05/06 The Paragon,1
Blk 161 Bukit Merah Central #01-3739,1
41 Sunset Way #01-07,1
Blk 304 Serangoon Ave 2 #01-04,1
6 Napier Road #06-03/04 Gleneagles Medical Centre,1
301 Upper Thomson Road #03-03/04 Thomson Plaza,1
15 Jalan Kilang Barat Frontech Centre #05-03/07,1
1 Orchard Boulevard #04-06 Camden Medical Centre,1
Level 6, CRC (MD11), NUS 10 Medical Drive,1
National University Of Singapore Level 6 Clinical Research Centre (MD 11),1
3 Mt Elizabeth #08-09 Mt Elizabeth Medical Centre,1
304 Orchard Road #06-41 Lucky Plaza,1
3 Mt Elizabeth #14-16 Mt Elizabeth Medical Centre,1
Tan Tock Seng Hospital, Level 1 11 Jalan Tan Tock Seng,1
820 Thomson Road #02-21 Medical Centre A, Mt Alvernia Hospital,1
290 Orchard Road #20-01 Paragon,1
6 Napier Road #03-08 Gleneagles Medical Centre,1
833 Bukit Timah Road #01-05 Royalville,1
6 Napier Road #08-11/12 Gleneagles Medical Centre,1
402 Orchard Road #04-27 The Delfi Orchard,1
6 Napier Road #07-13 Gleneagles Medical Centre,1
1 Orchard Boulevard #09-02 Camden Medical Centre,1
3 Mt Elizabeth #14-13 Mt Elizabeth Medical Centre,1
1 Orchard Boulevard #09-03 Camden Medical Centre,1
6 Napier Road #04-11 Gleneagles Medical Centre,1
Blk 703 Ang Mo Kio Ave 8 #01-2543,1
3 Mt Elizabeth #15-05 Mt Elizabeth Medical Centre,1
Raffles Counselling Centre 585 North Bridge Road #13-00,1
19 Tanglin Road #06-19 Tanglin Shopping Centre,1
3 Mt Elizabeth #14-04 Mt Elizabeth Medical Centre,1
19 Tanglin Road #06-06 Tanglin Shopping Centre,1
3 Mt Elizabeth #06-05 Mt Elizabeth Medical Centre,1
19 Tanglin Road #06-02 Tanglin Shopping Centre,1
10 Anson Road #13-08 International Plaza,1
Blk 1A Eunos Crescent #01-2473,1
Blk 111 North Bridge Road Peninsular Plaza #04-18/19,1
20 Woodlands Street 82 Singapore 738507,1
3 Mt Elizabeth #17-02 Mt Elizaebth Medical Centre,1
3 Mt Elizabeth #12-01 Mt Elizabeth Medical Centre,1
6 Napier Road #10-01 Gleneagles Medical Centre,1
6 Napier Road #06-02 Gleneagles Medical Centre,1
820 Thomason Road #B1-04 Mt Alvernia Medical Centre A,1
6 Napier Road #09-18 Gleneagles Medical Centre,1
3 Mt Elizabeth #13-06 Mt Elizabeth Medical Centre,1
3 Mt Elizabeth #07-05 Mt Elizabeth Medical Centre,1
6 Napier Road #04-18 Gleneagles Medical Centre,1
290 Orchard Rd #07-09 Paragon,1
Gleneagles Cancer Centre 6A Napier Road,1
250 North Bridge Road #39-00 Raffles City Tower,1
6 Napier Road #08-18/19 Gleneagles Medical Centre,1
6 Napier Road #04-06 Gleneagles Medical Centre,1
3 Mt Elizabeth Hospital #12-03,1
3 Mt Elizabeth #16-10 Mt Elizabeth Medical Centre,1
3 Mt Elizabeth #16-15 Mt Elizabeth Medical Centre,1
290 Orchard Road #12-01 The Paragon,1
3 Mt Elizabeth #15-13 Mt Elizabeth Medical Centre,1
6 Napier Road #05-03 Gleneagles Medical Centre,1
6 Napier Road #09-12 Gleneagles Medical Centre,1
6 Napier Road #09-08 Gleneagles Medical Centre,1
National University of Singapore 5 Lower Kent Ridge Road,1
Singapore Health Services KKWCH (Anaesthesia),1
Same as home address,1
Department of Anaesthesia KK Women's & Children's Hospital,1
Dept of Anaesthesia & Surgical Intensive Care Outram Road,1
492 Airport Road Paya Lebar Airport,1
492 Airport Road Singapore 539945,1
3 Mt Elizabeth Medical Centre #08-06,1
Dept of Cardiology Mistri Wing 17 Third Hospital Avenue,1
Heart Centre 585 North Bridge Road,1
Jerudong Park BG3122 Brunei Darussalam,1
5 Lower Kent Ridge Road Singapore 759151,1
290 Orchard Road #09-20/21 Paragon,1
Blk/House 290 Orchard Road #15-05/06 Paragon,1
585 North Bridge Road #02-00,1
Division of Dermatology 2 Simei Street 3,1
Raffles Hospital 585 North Bridge Road #12-00,1
Tan Tock Seng Hospital 11 Jalan Tan Seng,1
National Universith Hospital 5 Lower Kent Ridge Road,1
169608,1
Programme Office 7 Hospital Drive #02-09,1
350 Orchard Road #08-08 Shaw House,1
3 Mount Elizabeth #05-10 Mount Elizabeth Medical Centre,1
3 Mount Elizabeth #06-10 Mt Elizabeth Medical Centre,1
6 Napier Rd #04-17 Gleneagles Medical Centre,1
3 Mt Elizabeth #15-10 Mt Elizabeth Medical Centre,1
5 Lower Kent Ridge Rd,1
Head & Neck Surgery Alexandra Hospital,1
Paragon Medical Suites, The Paragon 290 Orchard Road, #09-07/08,1
3 Mount Elizabeth #07-02 Mount Elizabeth Medical Centre,1
321 Joo Chiat Place Singapore 427990,1
Department of Medicine,1
North-East Wales NHS Trust Croesnewyod Road,1
Changi General Medicine 2 Simei Street 3,1
3 Mount Elizabeth #10-07 Mount Elizabeth Medical Centre,1
6 Napier Road #09-17 Gleneagles Medical Centre,1
c/o Centre for Forensic Medicine 11 Outram Road,1
17 Kreta Ayer Road Singapore 088989,1
Tan Tock Seng Hospital,1
Gleneagles Medical Centre 6 Napier Road #03-01,1
Mt Elizabeth Medical Centre 3 Mt Elizabeth #06-03,1
820 Thomson Road #02-23 Mt Alvernia Medical Centre A,1
6A Napier Road #02-35 Gleneagles Hospital (Annexe Block),1
Department of General Surgery Tan Tock Seng Hospital,1
6 Napier Road #08-02 Gleneagles Medical Centre,1
Geriatric Medicine 2 Simei St 3,1
5 Lorong Napiri Singapore 547530,1
Ang Mo Kio Thye Hua Kwan Hospital Ltd 17 Ang Mo Kio Ave 9,1
Singapore Health Services SGH - Haematology,1
National Blood Centre Outram Road,1
1 Orchard Boulevard #07-08 Camden Medical Centre,1
2 Mt Elizabeth #10-12 Mt Elizabeth Medical Centre,1
75 Bras Basah Road NTUC Income Centre,1
Occupational Safety And Health Division,Ministry of Manpower 18 Havelock Road,1
Singapore Armed Forces 701 Transit Road #04-01,1
Faculty of Medicine , MD3 16 Medical Drive,1
Clinc J, CDC Moulmein Rdn Tock Seng,1
Dept of Infectious Disease 11 Jalan Tan Tock Seng,1
Department of Medicine 5 Lower Kent Ridge Road,1
NCC 11 Hospital Drive,1
National University of Singapore, MD11, Level 2 Clinical Research Centre, 10 Medical Drive,1
81 Kim Keat Road Singapore 328836,1
3 Mount Elizabeth #14-14 Mount Elizabeth Medical Centre,1
Renal Medicine Unit, TTSH 11 Jalan Tan Tock Seng,1
Blk B, Hospital Drive #01-11 SingHealth Research Facilities,1
SGH - Brain Centre Blk 78 Outram Road,1
6A Napier Road #05-37 Annexe Block, Gleneagles Hospital,1
Neurosurgery Service 100 Bukit Timah Road,1
3 My Elizabeth #10-12 Mt Elizabeth Medical Centre,1
6A Napier Road Singapore 258500,1
Dept of Emergency Medicine 5 Lower Kent Ridge Road,1
5 Lower Kent Ridge Rd Singapore 119074,1
Mt Elizabeth Hospital Blk B 3 Mt Elizabeth,1
94 Dunlop Street Singapore 209416,1
290 Orchard Road #15-09 Paragon,1
1 Orchard Boulevard #03-05/06 Camden Medical Centre,1
6A Napier Road #01-38 Gleneagles Hospital, Annexe Block,1
3 Mount Elizabeth #14-06/08 Mount Elizabeth Medical Centre,1
6 Napier Road #03-01 Gleneagles Medical Centre,1
3 Mt Elizabeth Road #05-06 Mt Elizabeth Medical Centre,1
3 Mount Elizabeth Suite #07-01 Mount Elizabeth Medical Centre,1
6 Napier Road, Suite 07-17 Gleneagles Medical Centre,1
3 MT Elizabeth Mt Elizebeth Medical Centre #17-17,1
290 Orchard Road, #15-07/08 Paragon,1
Department of Ophthalmology 5 Lower Kent Ridge Road,1
Mt. Alvernia Hospital Medical Centre Block B Level #02-12,1
(Vitres-Retina & General Ophthalmology) 11 Third Hospital Avenue,1
Vitreo-Retinal Service 11 Third Hospital Avenue,1
Dept of Ophthalmology 5 Lower Kent Ridge Rd,1
Tan Tock Seng Hospital 11, Jalan Tan Tock Seng,1
2 Simei Street 3,1
3 Mt Elizabeth #16-03 Mt Elizabeth Medical Centre,1
820 Thomson Road #02-24 Mount Alvernia Medical Centre,1
Dept Orthopaedic Surgery 11 Jln Tan Tock Seng,1
Orthopaedics Dept 11 Jln Tan Tock Seng,1
3 Mt Elizabeth, #03-01 Mt Elizabeth Medical Centre,1
3 Mt Elizabeth #12-04 Mt Elizabeth Medical Centre,1
339 Thomson Road #03-06 Thomson Medical Centre,1
290 Orchard Road #07-02 Paragon,1
290 Orchard Road #06-08 Paragon,1
National University Hospital,1
293 Holland Road #02-08 Cold Storage Jelita,1
309 Choa Chu Kang Ave 4 #04-02,1
417 Yishun Ave 11 #01-327,1
K K Women's & Children's Hospital 100 Bukit Timah Rd,1
90 Hougang Ave 10 #04-03/04 Hougang Mall,1
Blk 502 Bishan St 11 #01-350,1
12 Science Park Drive, #02-04 The Mendel Singapore Science Park,1
11 Outram Road Singapore 169078,1
3 Mount Elizabeth Rd #12-08 Mount Elizabeth Medical Centre,1
One Orchard Boulevard #03-08 Camden Medical Centre,1
Institute Of Mental Health/Woodbridge Hospital 10 Buangkok View,1
3 Second Hospital Avenue #03-01 Health Promotion Board Building,1
National Healthcare Group 10 Buangkok View,1
Woodbridge Hospital Institute of Mental Health,1
10 Buangkok Green Singapore 539747,1
Singapore General Hospital, Outram Road,,1
Medical Centre suite B1A 11 Jln Tan Tock Seng,1
Changi General Hospital 3 Simei Street 3,1
HPB Building 3 Second Hospital Ave #03-01,1
3 Second Hospital Ave #06-00,1
269A South Bridge Road Singapore 058188,1
Level 2 Institute of Health 3 Second Hospital Avenue,1
11 Third Hospital Avenue #07-00 SNEC Building,1
169078,1
6 Commonwealth Lane Level 6 GMTI Building,1
Health Promotion Board 3 Second Hospital Ave,1
16 College Road,1
3 Mount Elizabeth Level 2,1
529895,1
Respiratory Med & Critical Care 2 Simei Str 3,1
Gleneagles Medical Centre 6 Napier Road, #09-02,1
238 Thomson Road #02-44/45 Novena Square,1
6A Napier Road #03-38 Gleneagles Hospital Annexe Blk,1
Changi General Hospital, Sports Medicine Division 2 Simei St 3,1
Singapore Sports Council National Stadium, Kallang,1
Urology 2 Simei St 3,1
6 Napier Road #05-36 Gleneagles Hospital Annex Block,1
339 Thomson Road #05-00 Thomson Medical Centre,1
3, Mount Elizabeth road #10-09, Mount Elizabeth Medical Centre,1
3 Mount Elizabeth,1
Blk 71 Redhill Road #01-05,1
154 West Coast Road #01-127/128 Ginza Plaza,1
298 Tiong Bahru Road #15-01 Central Plaza,1
3 Mount Elizabeth Mount Elizabeth Hospital,1
70 Anson Road #20-01/02 Apex Tower,1
Blk 37 Dawson Road #02-03 Dawson Place,1
Blk 47 Tanglin Halt Road #01-321,1
5 Koek Road #01-23 Cuppage Plaza,1
19 Tanglin Road #04-16 Tanglin Shopping Centre,1
19 Kepple Road #01-01 Jit Poh Building,1
80 Anson Road #02-02 Fuji Xerox Towers,1
Unit G4 Ridgewood Condominium 5 Ridgewood Close,1
290 Orchard Road #09-11/12 The Paragon,1
Blk 7 Everton Park #01-21,1
1 Jalan Anak Bukit #B1-09/10 Bukit Timah Plaza,1
585 North Bridge Road #11-00 Raffles Hospital Pte Ltd,1
Specialist Shopping Centre 277 Orchard Road #03-50,1
259132,1
Blk 45 Owen Road #01-293,1
Blk 109 Bukit Purmei #01-145,1
1 Sophia Road #01-33 Peace Centre,1
144 Upper Bukit Timah Road #03-05 Beauty World Centre,1
290 Orchard Road #09-18/19 Paragon Medical Suites,1
Blk 501 West Coast Drive #01-250,1
9 Temasek Boulevard #02-080 Suntec City Mall,1
80 Robinson Road,1
304 Orchard Road #05-37 Lucky Plaza,1
Blk 352 Clementi Ave 2 #01-119,1
621-A Bukit Timah Road,1
100 Jalan Sultan #02-25/26 Sultan Plaza,1
165 Tanjong Pagar Road #04-08A The Amara,1
Blk 445 Clementi Ave 3 #01-173,1
300 Beach Road #13-02 The Concourse,1
6A Napier Road Level 3 Annexe Block,1
Raffles Hospital Pte Ltd 585 North Bridge Road #11-00,1
Blk 407 Clementi Ave 1 #01-52,1
190 Clemenceau Ave #01-29/30 Singapore Shopping Centre,1
80 Robinson Road #01-01A,1
22 Malacca Street #03-03 Royal Brothers Building,1
100 Eu Tong Sen Street #01-49 Pearl Centre,1
Blk 325 Clementi Ave 5 #01-139,1
451 Clementi Ave 3 #02-307,1
290 Orchard Road #07-13 Paragon,1
163 Thomson Road Goldhill Shopping Centre,1
Blk 147 Silat Avenue #01-32,1
1 Grange Road #04-02 Orchard Building,1
733 Havelock Road,1
Yusof Ishak House (Level 4) 95 Kent Ridge Crescent,1
Blk 18 Jalan Membina #02-05,1
35 Robinson Road #01-09 Ogilvy Centre,1
101 Thomson Road #01-15 United Square,1
1 Scotts Road #17-01/02 Shaw Centre,1
Blk 333 Kreta Ayer Rd #03-27,1
8 Cross Street #07-04 PWC Building,1
1 Phillip Street #04-02,1
Blk 59 Lengkok Bahru #01-553,1
No 1 Rochor Road #03-558 Rochor Centre,1
Blk 3 Queen's Road #02-161,1
Blk 335A Smith Street #03-57,1
587 Bukit Timah Road #02-01 Coronation Shopping Plaza,1
No. 3 Temasek Boulevard #03-026L Suntec City Mall,1
19 Tanglin Road #05-51 Tanglin Shopping Centre,1
38 Tras Street,1
Blk 165 Bukit Merah Central #03-3683,1
10 Cecil Street #23-05 Ong Eng Building,1
273 Holland Ave #02-01,1
Blk 22 Havelock Road #01-709,1
1 Raffles Quay #09-03 One Raffles Quay North Tower,1
Blk 3 Queen's Road #02-157,1
Blk 46-2 Commonwealth Drive #01-372,1
151 Chin Swee Road #01-10/12 Manhattan House,1
Blk 803 King George's Ave #01-144,1
1 Jalan Anak Bukit #B1-08 to 10 Bukit Timah Plaza,1
101 Kitchener Road #01-35 Jalan Besar Plaza,1
Blk 81 Telok Blangah Drive #01-422,1
Blk 10 Ghim Moh Road #01-104,1
9 Penang Road #07-13 Park Mall,1
Blk 31 Holland Close #01-231,1
Blk 133 Jalan Bukit Merah #01-1522,1
11 Jalan Bukit Merah #03-4458,1
Blk 8 Telok Blangah Crescent #01-157,1
6 Napier Road #05-13 Gleaneagles Medical Centre,1
131 Jalan Bukit Merah #01-1573,1
9 Raffles Place #02-22, Republic Plaza,1
66 Jalan Jurong Kechil,1
101 Upper Cross Street #02-64 People's Park Centre,1
Blk 6C Margaret Drive #01-10,1
328 North Bridge Rd #03-02 Raffles Hotel Arcade,1
Blk 111 Jalan Bukit Merah #01-1682,1
Research & Information Management Division Health Promotion Board,1
Blk 433 Clementi Ave 3 #01-268,1
Blk 51 Chin Swee Road #03-111,1
Blk 108 Depot Road #01-10,1
60 Eu Tong Sen Street #02-09 Furama City Centre,1
491 River Valley Road #01-04 Valley Point,1
3 Mount Elizabeth #07-05 Mount Elizabeth Medical Centre,1
293 Holland Road Jelita Cold Storage,1
3 Second Hospital Ave #02-01 Health Promotion Board Building,1
Blk 18 Jalan Membina #02-03,1
Blk 75D Redhill Road #01-116,1
Blk 15 Holland Drive #03-102,1
240 River Valley Road,1
Blk 21 Ghim Moh Road #01-205,1
252 North Bridge Road #02-17 Raffles City Shopping Centre,1
Blk 1 Rochor Road #01-600 Rochor Centre,1
331 North Bridge Road #17-01 Odeon Towers,1
5 Coleman Street #03-20/21 Excelsior Shopping Centre,1
Blk 4 Everton Park #01-44,1
National University of Singapore Blk MD3, 16 Medical Drive,1
118 Upper Bukit Timah Road Gohn & Goh Building,1
Blk 163 Bukit Merah Central #01-9609,1
144 Upper Bukit Timah Road #01-22 Beauty World Centre,1
80 Jalan Jurong Kechil,1
339 Thomson Road,1
271 Bukit Timah Road #02-12 Balmoral Plaza,1
Dover Park Hospice 12 Jalan Tan Tock Seng,1
541 Orchard Road #18-02A Liat Towers,1
239923,1
10 Anson Road #36-00 International Plaza,1
545 Orchard Road #12-04, Far East Shopping Centre,1
164 West Coast Way Hong Leong Garden Shopping Centre,1
621A Bukit Timah Road,1
Blk 43 Holland Drive #01-65,1
63 Robinson Road #03-01 Afro-Asia Building,1
293 Holland Road #02-11 Jelita Shopping Centre,1
585 North Bridge Road #01-00 Raffles Hospital Pte Ltd,1
Blk 4 Rochor Road #02-534 Rochor Centre,1
43 Jalan Merah Saga #01-66 Chip Bee Gardens,1
15 Beach Road #01-07 Beach Centre,1
27 Bencoolen Street #01-27,1
35 Selegie Road #01-17 Parklane Shopping Mall,1
Blk 77 Indus Road #01-517,1
1 Orchard Boulevard #08-06 Camden Medical Centre,1
51 Merchant Road #04-04 Merchant Square,1
12A Lor Mambong,1
583 Orchard Road Forum #11-01,1
Blk 21 Ghim Moh Road #01-149,1
Blk 65 Telok Blangah Drive #01-164,1
No 1 Harbourfront Avenue #07-06 Keppel Bay Tower,1
Blk 114 Bukit Merah View #01-592,1
101 Kitchener Road #02-30 Jalan Besar Plaza,1
290 Orchard Rd #11-04/05 Paragon,1
10 Shenton Way MAS Building,1
11 Jalan Tan Tock Seng #06-00,1
Blk 308 Clementi Ave 4 #01-351,1
Blk 116 Bukit Merah View #01-223,1
16A The Pascal #01-02 Science Park Drive,1
Blk 117 Commonwealth Drive #01-721,1
1 Philip Street #04-02,1
Blk 113 Bukit Merah View #01-542,1
22 Malacca St #13-01 Royal Brothers Building,1
Gleneagles Medical Centre 6 Napier #07-07,1
Cold Storage Jelita #02-08 293 Holland Road,1
115 Killiney Road,1
Blk 8 Jalan Kukoh #01-29 (NO LONGER PRACTICING HERE),1
Blk 727 Clementi West St 2 #01-264,1
Blk 78A Telok Blangah St 32 #01-02,1
133 Moulmein Road,1
290 Orchard Road #07-07/08 Paragon,1
100 Jalan Sultan #02-01/02 Sultan Plaza,1
Blk 31 Holland Close #01-215,1
BLk 320 Clementi Ave 4 #01-29,1
Blk 308 Clementi Ave 4 #01-345,1
60b Orchard Road #01-19 The Atrium @ Orchard,1
120 Cantonment Road #02-02 Maritime House,1
78 Shenton Way #02-01,1
2 Shenton Way #04-06 SGX Centre 1,1
11 Eng Hoon Street #01-01,1
833 Bukit Timah Road #01-05 Blk 1 Royal Ville,1
Blk 109 Clementi St 11 #01-25,1
Blk 18, Jalan Membina #02-03,1
Blk 803 King George's Avenue #01-144,1
Blk 7 Tanjong Pagar Plaza #01-102,1
6A Napier Road,1
290 Orchard Road #08-03 Paragon Medical Suites,1
Blk 43 Jalan Merah Saga #01-68,1
149 Rochor Road #02-36 Fu Lu Shou Complex,1
Le Meridien Singapore 100 Orchard Road #01-104,1
Blk 109 Bukit Purmei Road #01-149,1
Blk 450 Clementi Ave 3 #01-291,1
177 River Valley Road #02-23 Liang Court Complex,1
Blk 452 Ang Mo Kio Ave 10 #01-1773,1
Blk 149 Silat Avenue #01-54,1
Blk 328 Clementi Ave 2 #01-212,1
10 Coleman St #01-13 Grand Plaza Hotel,1
6A Napier Road #02-35 Gleneagles Annexe Block,1
40 Holland Grove Road Henry Park Apartments,1
190 Middle Road #02-01 Fortune Centre,1
Family Medicine Centre 585 North Bridge Road #01-00,1
390 Victoria Street #02-29 Golden Landmark,1
541 Orchard Rd #10-02 Liat Towers,1
Blk 39 Tanglin Halt Road #01-119Q,1
1 Park Road #04-27 People's Park Complex,1
Blk 158 Mei Ling Street #01-80,1
Blk 55 Lengkok Bahru #01-399,1
133 New Bridge Road #04-19 Chinatown Point,1
557 Bukit Timah Road #02-10 Crown Centre,1
Blk 501 West Coast Drive #01-284,1
320 Serangoon Road #01-25 Serangoon Plaza,1
400 Orchard Road #05-02 Orchard Towers,1
101 Upper Cross Street #B1-37 People's Park Centre,1
Singapore General Hospital Blk 3 Outram Road,1
Blk 27A Commonwealth Ave #01-284,1
Blk 71 Seng Poh Road #01-41,1
Blk 450 Clementi Central Ave 3 #01-291,1
Blk 45 Owen Road #01-299,1
73 Circular Road #01-01,1
1 Park Road #04-13 People's Park Complex,1
Blk 119 Bukit Merah View #01-77,1
175 Bencoolen St #01-44 Burlington Sq,1
Blk 111 Jalan Bukit Merah #01-1706,1
1 Jalan Berseh #01-02,1
National University of Singapore Yusof Ishak House, 5 Lower Kent Ridge Road,1
Blk 38 Telok Blangah Rise #01-325,1
100 Kim Seng Road #01-14/15 Kim Seng Plaza,1
175 Bencoolen Street #01-44 Burlington Square,1
10 Hoe Chiang Road #09-02 Keppel Towers,1
290 Orchard Road #06-06 Paragon,1
460 Alexandra Road #02-01 PSA Building,1
Blk 69 Ayer Rajah Crescent #01-03,1
Level 3, Health Promotion Board 3, Second Hospital Ave,1
19 Tanglin Road #04-20, Tanglin Shopping Centre,1
25 Norris Road,1
456 Alexandra Road NOL Building #02-01,1
18 Cross Street #B1-14,1
Blk 722 Clementi West St 2 #01-168,1
293 Holland Road #02-08 Jelita Cold Storage,1
One Orchard Boulevard #15-01 Camden Medical Centre,1
Blk 685 Race Course Road #01-328,1
Blk 668 Chander Road #02-06,1
Blk 78 Guan Chuan Street #01-39,1
210 Middle Road #07-01 IOI Plaza,1
545 Orchard Road #06-07 Far East Shopping Centre,1
Blk 48 Tanglin Halt Road #01-337,1
Blk 77 Telok Blangah Drive #01-244,1
Blk 117 Commonwealth Drive #01-723,1
320 Clementi Ave 4 #01-47,1
171 Stirling Road #01-1101,1
6 Napier Road Gleneagles Hospital,1
451 Clementi Avenue 3 #02-307,1
50 Market Street #01-01 Golden Shoe Car Park Building,1
77 Robinson Rd #06-02 SIA Building,1
9 Raffles Boulevard #02-24B Millenia Walk,1
6A Napier Road Level 3 Annexe Block Gleneagles Hospital,1
Blk 642 Rowell Road #01-115,1
78 Guan Chuan Street #01-39,1
Blk 162 Mei Ling Street #01-353,1
252 North Bridge Road #02-16 Raffles City Shopping Centre,1
Blk 722 Clementi West St 2 #01-162,1
405 River Valley Road,1
1 Park Road #01-13 People's Park Complex,1
19 Tanglin Road #06-10/11 Tanglin Shopping Centre,1
Blk 1 Beach Road #01-4735,1
619C Bukit Timah Road,1
Blk 57 Dawson Road #02-02,1
545 Orchard Road #12-04 Far East Shopping Centre,1
163 Bt Merah Central #04-3565,1
15 Cairnhill Road Cairnhill Place #04-03,1
10 Jalan Serene #01-03A Serene Centre,1
Blk 109 Clementi St 11 #01-27,1
Blk 345 Clementi Ave 5 #01-94,1
Blk 725 Clementi West St 2 #01-194,1
3 Second Hospital Avenue, Level 2 Health Promotion Board Building,1
Blk 449 Clementi Ave 3 #01-255,1
Blk 15 Holland Drive #02-94,1
Blk 36 Beo Crescent #01-49,1
Blk 21 Ghim Moh Road #01-187,1
1 Grange Road #11-01 Orchard Building,1
138 Robinson Road #16-01 Hong Leong Centre,1
302 Orchard Road #16-01 Tong Building,1
Blk 465 North Bridge Road #01-5067,1
350 Orchard Road #21-01/03 Shaw House,1
51 Cuppage Road #01-04 Starhub Centre,1
30 Robinson Road #09-02 Robinson Towers,1
290 Orchard Road #11-01 The Paragon,1
Blk 158 Mei Ling Street #01-80 Queenstown,1
12A Lorong Mambong,1
84 Jalan Jurong Kechil,1
420 North Bridge Road #03-01 North Bridge Centre,1
65 Chulia Street #40-02 OCBC Centre,1
OCBC Centre East 63 Chulia Street, #01-02,1
Blk 6 Holland Close #01-28,1
302 Orchard Road #12-01 Tong Building,1
78A Telok Blangah St 32 #01-07,1
20 Cecil St #19-00,1
2 Chun Tin Road Upper Bukit Timah Road,1
1 Selegie Road #01-01 Paradiz Centre,1
Blk 45 Owen Road #01-289,1
302 Orchard Road #18-01 Tong Building,1
24Hrs Walk-In-Clinic 585 North Brigde Road,1
1 Scotts Road #17-01 Shaw Centre,1
181 Kitchener Road #01-36/38 New Park Hotel Shopping Arcade,1
Blk 231 Bain Street #03-57 Bras Basah Complex,1
Blk 59 Lengkok Bahru #01-543,1
547 Serangoon Road,1
9 Penang Road #07-06 Park Mall,1
6 Shenton Way #21-10 DBS Tower Two,1
1 Sophia Road #04-17 Peace Centre,1
Blk 378 Clementi Avenue 5 #01-342,1
1 Rochor Road #02-534 Rochor Centre,1
Blk 116 Bukit Merah View #01-235,1
34 Craig Road #01-03 Chinatown Plaza,1
23 Binjai Park,1
20 Foch Road,1
Blk 352 Clementi Ave 2 #01-135,1
20 Cecil St #19-07 Equity Plaza,1
101 Kitchener Road #02-38 Jalan Besar Plaza,1
60B Orchard Road #01-19 The Atrium @Orchard Tower 2,1
435 Orchard Road #11-05 Wisma Atria,1
350 Orchard Road #08-00,1
120 Adam Road,1
Blk 8 Empress Road #01-03,1
Blk 19 Toh Yi Drive #01-117,1
Gleneagles Hospital 6A Napier Rd,1
Blk 45 Holland Drive #01-357,1
Blk 354 Clementi Ave 2 #01-221,1
One Orchard Boulevard, Camden Medical Centre #06-03,1
585 North Bridge Road #11-00 Raffles Hospital,1
281 Kranji Road,1
Blk 808 French Road #01-167 Kitchener Complex,1
297892,1
18 Jalan Membina #02-08,1
492 Airport Road,1
Blk 83 Lorong 2 Toa Payoh #01-455,1
Blk 139 Tampines Street 11 #01-10,1
Blk 201D Tampines Street 21 #01-1151,1
Blk 106 Hougang Ave 1 #01-1225,1
184 East Coast Road,1
Blk 123 Hougang Ave 1 #01-1406,1
Blk 446 Pasir Ris Dr 6 #01-116,1
Blk 201D Tampines St 21 #01-1151,1
10 Ubi Crescent #02-08 Ubi Techpark,1
Blk 929 Tampines St 91 #01-445,1
Blk 111 Lor 1 Toa Payoh #01-350,1
865 Mountbatten Road #02-81H Katong Shopping Centre,1
77 Upper East Coast Road #01-04,1
Blk 212 Hougang St 21 #01-139,1
Blk 119 Aljunied Ave 2 #01-34,1
Blk 212 Hougang St 21 #01-327,1
Blk 2 Lorong Lew Lian #01-50,1
Transit Centre, Airline House Upper Changi Road Changi Airport,1
30 Haig Road,1
Blk 47 Bendemeer Road #01-1467,1
Blk 263 Compassvale Street #01-02,1
84 Bedok North St 4 #01-65,1
Blk 138 Tampines St 11 #01-112,1
Blk 11 Upper Boon Keng Road #01-929,1
Blk 74 Whampoa Drive #01-338,1
2 Kovan Road #01-09 Simon Plaza,1
3 Jalan Wangi,1
1 Tampines St 41,1
221 Balestier Road, #03-04, Rocca Balestier,1
Blk 158 Bedok South Ave 3 #01-583,1
Blk 8 Toa Payoh Lor 7 #01-291,1
Blk 178 Toa Payoh Central #01-236,1
Blk 119 Geylang East Central #01-72,1
Blk 982 Buangkok Crescent #01-03,1
Blk 258 Pasir Ris St 21 #04-311,1
Blk 56 New Upper Changi Road #01-1320,1
Blk 703 Bedok Reservoir Road #01-3500,1
Blk 151 Simei Street 1 #01-33,1
Blk 46 Bedok South Avenue 3 #01-272,1
No.1 Sengkang Square #04-11/12 Compass point,1
Blk 139 Tampines St 11 #01-16,1
Blk 824 Tampines St 81 #01-30,1
Blk 631 Hougang Ave 8 #01-16,1
718 Bedok Reservoir Road #01-4594,1
Blk 305 Ubi Ave 1 #01-167,1
Blk 482 Tampines Ave 9 St 43 #01-236,1
Blk 678 Hougang Ave 8 #01-513,1
Singapore Changi International Airport #B16-025 Passenger Terminal Building 2,1
8 Whampoa Drive,1
Blk 108 Upper East Coast Road,1
Blk 248 Simei St 3 #01-134,1
Blk 412 Bedok North Ave 2 #01-144,1
221 East Coast Road,1
Blk 414 Eunos Road 5 #01-60,1
Blk 168 Bedok South Ave 3 #01-479,1
Blk 631 Bedok Reservoir Road #01-896,1
Blk 17 Bedok South Road #01-565,1
51 Changi Business Park Central 2 #07-10/13 The Signature,1
1 Pasir Ris Drive 4 #01-11,1
689 East Coast Road,1
2 Whampoa Drive,1
Blk 201B Tampines St 21 #02-1097,1
Blk 201 Hougang St 1 #01-15,1
Blk 684 Hougang Ave 8 #01-985,1
Blk 4 Lorong 7 Toa Payoh #01-115,1
20 Changi Airport 2nd Storey Changi Airport,1
Blk 5 Eunos Crescent #01-2601,1
Blk 159 Lorong Ah Soo #01-17,1
Blk 150 Bedok Reservoir Road #01-1729,1
Blk 118 Rivervale Drive #02-18,1
1189 Upper Serangoon Road #01-02 Hougang Plaza,1
Blk 510 Bedok North St 3 #01-25,1
Blk 217 Bedok North St 1 #01-69,1
Blk 740 Bedok Reservoir Road #01-3183,1
Blk 27 Bendemeer Road #01-661,1
223 East Coast Road,1
23 Upper East Coast Road Crescendo Building,1
305 Ubi Ave 1 #01-177,1
Blk 18 Lor 7 Toa Payoh #01-246,1
Blk 282 Tampines St 22 #01-300,1
744, Bedok Reservoir Road #01-3065,1
80 Marine Parade Road #05-03 Parkway Parade,1
Blk 23, Hougang Ave 3 #01-283,1
1 Sengkang Square Compass Point, #04-11/12,1
Blk 233 Lor 8 Toa Payoh #01-258,1
121 Meyer Road #01-05 The Makena,1
Blk 515 Bedok North Ave 2 #01-205,1
66 Tannery Lane #01-01B Sindo Building,1
Blk 25A Chai Chee Road #01-453,1
Blk 247 Hougang Ave 3 #01-464,1
Blk 537 Bedok North St 3 #01-519,1
998 Upper Serangoon Road,1
80 Marine Parade Road #05-01 Parkway Parade,1
80 Marine Parade Road #05-12 Parkway Parade Medical Centre,1
Blk 681 Hougang Ave 8 #01-827,1
Blk 18 Upper Boon Keng Road #01-1133,1
Blk 801 Tampines Ave 4 #01-269,1
Blk 121 Bedok Reservoir Road #01-196,1
Blk 73 Bedok South Ave 3 #01-462,1
Blk 8 Lor 7 Toa Payoh #01-301,1
Blk 625 Elias Road #01-322 Elias Mall,1
Blk 710 Tampines St 71 #01-134,1
Blk 203 Toa Payoh North #01-1111,1
Blk 327 Hougang Ave 5 #01-178,1
Blk 305 Ubi Avenue 1 #02-183,1
Blk 118, Rivervale Drive #02-17, Rivervale Plaza,1
Blk 652 Jalan Tenaga #01-50,1
Blk 59 Marine Terrace #01-81,1
Blk 804 Hougang Central #01-124,1
Compass Point #04-11/12,1
505 Tampines Central 1 #01-339,1
315 New Upper Changi Road #01-01,1
Blk 827 Tampines St 81 #01-148,1
Blk 67 Kallang Bahru #01-451,1
739 Geylang Road,1
370 Tanjong Katong Road,1
446 Pasir Ris Drive 6 #01-120,1
476 Tampines St 44 #01-173,1
2 St George's Road,1
Blk 703 Bedok Reservoir Road #01-3506,1
20 Bendemeer Road #01-02/06,1
39 Jalan Tiga #01-03,1
Blk 644 Hougang Avenue 8 #01-265,1
Blk 36 Chai Chee Ave #01-159,1
Blk 25 New Upper Changi Road #01-646,1
Blk 201D Tampines St 21 #01-1137,1
Blk 5 Tampines St 32 #02-02/05 Tampines Mart,1
Blk 3 St George's Road #01-105,1
Blk 118 Rivervale Plaza #02-17 Rivervale Drive,1
400 Balestier Road #01-11 Balestier Plaza,1
Blk 36 Circuit Road #01-416,1
Blk 683 Hougang Ave 8 #01-931,1
Blk 72 Circuit Road #01-03,1
Blk 9 Hougang Ave 7 #01-07,1
780 Upper Serangoon Road #01-01,1
Blk 94 Lor 4 Toa Payoh #01-20,1
45 Kallang Pudding Road #05-01/04 Alpha Building,1
46 Bedok South Ave 3 #01-276,1
368 Geylang Road,1
Loyang Offshore Supply Base Loyang Crescent,1
Blk 835 Tampines St 83 #01-10,1
Blk 94 Toa Payoh Lorong 4 #01-24,1
Blk 311 Hougang Ave 5 #01-177,1
695-D East Coast Road,1
Blk 16 Upper Boon Keng Road #01-1093,1
11 Rivervale Crescent #01-02B Rivervale Mall,1
Blk 5000G Marine Parade Road #01-31 Laguna Park,1
10 Tampines Industrial Ave 3,1
Blk 53 Sims Place #01-174,1
Blk 106 Hougang Ave 1 #01-1235,1
351 Chai Chee Street,1
Blk 442 Pasir Ris Drive 6 #01-28,1
Blk 102 Towner Road #01-272,1
Blk 109 Lor 1 Toa Payoh #01-312,1
Blk 168 Lor 1 Toa Payoh #01-1032,1
Blk 357 Tampines St 33 #01-610,1
25 Airline Road 6D,1
Blk 208 Hougang St 21 #01-207,1
295 Changi Road,1
Blk 57 New Upper Changi Road #01-1346,1
Blk 20 Chai Chee Road #01-418/420,1
Blk 8 Eunos Crescent #01-2667,1
Blk 476 Tampines St 44 #01-173,1
437759,1
Blk 5 Upper Aljunied Lane #01-46,1
Blk 8 Jalan Batu #01-15,1
Blk 811 Hougang Central #01-208,1
Blk 35 Circuit Road #01-430,1
20 Eastwood Road #01-14A Eastwood Centre,1
Blk 201B Tampines St 21 #01-1067,1
283 Tanjong Katong Road,1
Blk 134 Lorong Ah Soo #01-462,1
Blk 45 Sims Drive #01-166,1
297A Compassvale Street #01-36,1
Blk 916 Hougang Ave 9 #01-08,1
Blk 41 Jalan Tiga #01-07,1
Blk 139 Tampines St 11 #01-12,1
Blk 67 Kallang Bahru Road #01-447,1
Blk 55 Chai Chee Drive #01-202,1
Blk 190 Toa Payoh Lor 6 #01-590,1
Blk 350 Ubi Ave 1 #01-941,1
Blk 123 Hougang Avenue 1 #01-1406,1
461 Lorong Buangkok Crafalgar Units,1
Blk 221 Pasir Ris St 21 #01-116,1
351 Chai Chee St,1
#B16-025 Basement Passenger Terminal Building 2,1
Blk 120 Potong Pasir Ave 1 #01-818,1
750A Chai Chee Road #08-03,1
Blk 58 Marine Terrace #01-65,1
Blk 69 Lor 4 Toa Payoh #01-361,1
Blk 10 Chai Chee Road #01-01,1
Blk 342 Ubi Avenue 1 #01-935,1
Blk 123 Bedok North St 2 #01-152,1
Blk 250 Tampines St 21 #01-510,1
138 Changi Road,1
Blk 305 Ubi Ave 1 #01-165,1
Blk 625 Elias Road #02-324 #02-324 Elias Mall,1
Blk 248 Simei St 3 #01-132,1
Blk 445 Tampines St 42 #01-02,1
Blk 57 Marine Terrace #01-113,1
Blk 104 Hougang Ave 1 #01-1123,1
Blk 108 Hougang Ave 1 #01-1301,1
Blk 202 Bedok North St 1 #01-487,1
337 Bedok Road,1
Blk 59 New Upper Changi Road #01-1284,1
Blk 625 Elias Road #02-316 Elias Mall,1
Blk 56 New Upper Changi Road #01-1324,1
Blk 137 Potong Pasir Ave 3 #01-146,1
Blk 57 Marine Terrace #01-129,1
Blk 825 Tampines St 81 #01-64,1
Blk 173 Toa Payoh Lorong 1 #01-1264,1
Blk 78 Circuit Road #01-488,1
Blk 210 Hougang St 21 #01-271,1
467-C Joo Chiat Road,1
Blk 30 Lor 5 Toa Payoh #01-615,1
84 Bedok North St 4 #01-41,1
Blk 107 Tampines St 11 #01-343,1
Blk 83 Marine Parade Central #01-558,1
Blk 537 Bedok North St 3 #01-515,1
Blk 540 Hougang Ave 8 #B1-1235,1
Blk 39 Jalan Tiga #01-01,1
Blk 632 Bedok Reservoir Road #01-828,1
Blk 620 Hougang Ave 8 #01-264,1
Blk 820 Tampines St 81 #01-516,1
Blk 631 Bedok Reservoir Road #01-898,1
267 Tampines St 21 #01-40,1
400 Balestier Road #01-09/10 Balestier Plaza,1
1 Pasir Ris 4 Drive #01-11,1
Blk 8 Hougang Ave 3 #01-44,1
Blk 35 Circuit Road #01-448,1
Blk 106 Hougang Ave 1 #01-1221,1
168 Bedok South Ave 3 #01-473,1
Blk 10 Haig Road #01-367,1
Blk 204 Bedok North St 1 #01-425,1
Blk 151 Simei Street #01-33,1
Blk 248 Simei St 3 #01-104,1
Blk 267 Tampines St 21 #01-41,1
Blk 116 Lor 2 Toa Payoh #01-160,1
Blk 146 Potong Pasir Ave 1 #01-141,1
Blk 177 Toa Payoh Central #01-130,1
Blk 681 Hougang Ave 8 #01-823,1
Blk 801 Tampines Ave 4 #01-263,1
Blk 136 Bedok North Ave 3 #01-162,1
535 Geylang Road,1
Blk 683 Hougang Ave 8 #01-901,1
Blk 474 Tampines St 43 #01-122,1
Blk 212 Lorong 8 Toa Payoh #01-41,1
Blk 201B Tampines St 21 #01-1065,1
255 Tanjong Katong Road,1
57A New Upper Changi Road #01-1374,1
Blk 51 Lor 6 Toa Payoh #01-72,1
Blk 625 Elias Road #01-310,1
Blk 811 Hougang Central #01-192,1
Blk 148 Potong Pasir Ave 1 #01-33,1
1016 Upper Serangoon Road,1
Blk 644 Hougang Ave 8 #01-275,1
Blk 844 Tampines St 82 #01-135,1
Blk 101 Towner Road #01-228,1
Blk 57A New Upper Changi Road #01-1374,1
750A Technipark @ Chai Chee #08-03,1
Blk 401 Hougang Ave 10 #01-1170,1
Blk 848 Sims Avenue #01-734,1
Blk 108 Hougang Ave 1 #01-1299,1
Blk 118 Rivervale Drive #02-17 Rivervale Plaza,1
Blk 704 Bedok Reservoir Road #01-3622,1
139 Simei Street 1 #01-10,1
Blk 201 Hougang St 21 #01-03,1
Blk 632 Bedok Reservoir Road #01-822,1
Compass Point 1 Sengkang Square #04-11/12,1
Blk 827 Tampines St 81 #01-140,1
Blk 20 Chai Chee Road #01-416,1
Blk 81 Marine Parade Central #01-642,1
Blk 64 Circuit Road #01-339,1
Blk 124 Hougang Ave 1 #01-1434,1
Blk 25A Chai Chee Road #01-467,1
Blk 79 Toa Payoh Central #01-63,1
Blk 47 Lorong 6 Toa Payoh #01-142,1
516 Geylang Road,1
Blk 305 Ubi Ave 1 #02-183,1
Blk 212 Hougang St 21 #01-319,1
Blk 356 Hougang Ave 7 #01-797,1
Blk 327 Hougang Ave 5 #01-162,1
Blk 59 New Upper Changi Road #01-1230,1
Blk 136 Bedok North Ave 3 #01-150,1
Blk 801 Tampines Ave 4 #01-257,1
Blk 88 Whampoa Drive #01-865,1
Blk 163 Lor 1 Toa Payoh #01-1012/1014,1
319 Changi Road,1
Blk 66 Lor 4 Toa Payoh #01-319,1
Blk 418 Bedok North Ave 2 #01-79,1
Blk 539 Bedok North St 3 #01-603,1
117 Bedok Reservoir Road #01-68,1
Blk 2 East Coast Road #01-878,1
Blk 824 Tampines St 81 #01-22,1
Blk 311 Hougang Ave 5 #01-191,1
BLk 164 Tampines Street 12 #01-295,1
Blk 2 Balestier Road #01-651 Balestier Hill Shopping Centre,1
Blk 319B Anchorvale Drive #01-92,1
Blk 303 Anchorvale Link #01-02,1
Blk 25 New Upper Changi Road #01-644,1
970 Geylang Road #01-08 Tristar Complex,1
Blk 537 Bedok North 3 #01-571,1
Blk 139 Tampines St 11 #01-30,1
Blk 822 Tampines St 81 #01-200,1
Blk 644 Pasir Ris Drive 10 #01-20,1
Blk 681 Hougang Ave 8 #01-843,1
Blk 539 Bedok North St 3 #01-631,1
Blk 88 Circuit Road #01-971,1
Blk 86 Bedok North St 4 #01-177,1
18 Jalan Pari Burong,1
5 Tampines Central 6 #01-13 Telepark,1
Blk 87 Whampoa Drive #01-869,1
Blk 11 Upper Boon Keng Road #01-919,1
Blk 333 Tampines St 32 #01-536,1
Blk 152 Serangoon North Ave 10 #01-308,1
1 Woodlands Square, #05-03 Causeway Point,1
Blk 6O4 Yishun St 61 #01-325,1
Blk 282 Bishan St 22 #01-119,1
Admiralty MRT Station 70 Woodlands Avenue 7, #01-04,1
Blk 283 Bishan St 22 #01-173,1
Blk 923 Yishun Central #01-352,1
Marsiling MRT Station 71 Woodlands Ave 3,1
730548,1
Blk 153 Serangoon North Ave 1 #01-490,1
Blk 447 Ang Mo Kio Ave 10 #01-1677,1
6 Sin Ming Road #01-09 Sin Ming Plaza Tower II,1
548 Woodlands Drive 44 #02-24 Vista Point,1
Agilent Technologies Singapore Pte Ltd 1 Yishun Ave 7,1
215D Upper Thomson Road,1
Blk 117 Pending Road #01-224,1
Blk 452 Ang Mo Kio Ave 10 #01-1789,1
639 Punggol Drive #01-06,1
Blk 888 Woodlands Dr 50 #02-739, 888 Plaza,1
1 Woodlands Square #05-02 Causeway Point,1
Blk 302 Woodlands Street 31 #01-297,1
524A Jelang Road #02-15,1
926 Upper Thomson Road,1
Blk 160 Yishun St 11 #01-204,1
Blk 844 Yishun St 81 #01-156,1
Blk 769 Yishun Ave 3 #01-281,1
Blk 529 Ang Mo Kio Ave 10 #01-2323,1
Blk 608 Ang Mo Kio Ave 5 #01-2785,1
Blk 330 Ang Mo Kio Ave 1 / Blk 625 Elias Road #01-1803 / #01-3201,1
Blk 263 Serangoon Central Drive #01-51,1
Blk 106 Yishun Ring Road #01-173,1
Blk 283 Bishan St 22 #01-191,1
BLk 768 Woodlands Ave 6 #02-07 Woodlands Mart,1
Blk 632 Ang Mo Kio Ave 4 #01-960,1
Blk 844 Yishun St 81 #01-162,1
Blk 501 Bishan St 11 #01-376,1
Blk 924 Yishun Central 1 #01-339,1
Blk 654 Yishun Ave 4 #01-437,1
#01-13 Punggol Plaza,1
924 Yishun Central 1 #01-338,1
Blk 167 Woodlands St 11 #01-11,1
701 Transit Road #04-01 AFPN 1202,1
Blk 628 Senja Road #01-04 Senja Grand,1
Blk 108 Ang Mo Kio Ave 4 #01-86,1
Blk 883 Woodlands St 82 #01-466,1
Blk 157 Ang Mo Kio Ave 4 #01-566,1
Blk 411 Yishun Ring Road #01-1827,1
716 Yishun St 71 #01-270,1
229 Jalan Kayu,1
Blk 261 Serangoon Central Drive #01-33,1
Blk 416 Ang Mo Kio Ave 10 #01-975,1
Blk 410 Ang Mo Kio Ave 10 #01-817,1
Blk 445 Fajar Road #02-534,1
Blk 532 Ang Mo Kio Ave 10 #01-2461,1
Blk 237 Serangoon Ave 3 #01-126,1
3000 Ang Mo Kio Ave 8 #01-01 Yio Chu Kang MRT Station,1
Blk 723, Ang Mo Kio Ave 8 #01-4136,1
Blk 157 Ang Mo Kio Ave 4 #01-562,1
Blk 202 Ang Mo Kio Ave 3 #01-1676,1
70 Woodlands Ave 7 #01-01 Admiralty MRT,1
Blk 293 Yishun St 22 #01-223,1
Blk 555 Ang Mo Kio Ave 10 #01-1974,1
Blk 237 Serangoon Ave 3 #01-116,1
Blk 150 Bishan St 11 #01-151,1
445 Fajar Road #01-546,1
160 Yishun St 11 #01-212,1
Blk 406 Sembawang Drive #01-820,1
Blk 251 Ang Mo Kio Ave 4 #01-235,1
6 Kensington Park Road,1
Blk 303 Woodlands St 31 #01-185,1
Blk 259 Bt Panjang Ring Road #01-12,1
Blk 102 Yishun Ave 5 #01-133,1
Blk 306 Woodlands St 31 #01-39,1
Blk 151 Serangoon North Ave 2 #01-35,1
Blk 923 Yishun Central #01-368,1
Blk 505 Ang Mo Kio Ave 8 #01-2684,1
Blk 403 Sin Ming Avenue #01-311,1
Blk 173 Yishun Ave 7 #01-823,1
Blk 640 Yishun St.61 #01-196,1
Blk 640 Yishun St 61 #01-198,1
200 Upper Thomson Road #01-11 Thomson Imperial Court,1
Blk 107 Serangoon North Ave 1 #01-679,1
30 Woodlands Ave 1 #02-03/04 The Woodgrove,1
678A Woodlands Ave 6 #01-14,1
849 Woodlands St 82 #01-215,1
Blk 18 Marsiling Lane #01-269,1
14 Kensington Park Road,1
Blk 807 Yishun Ring Road #01-4213,1
Blk 405C Fernvale Lane,1
140 Tamarind Road,1
Blk 729 Yishun St 71 #01-105,1
BLk 446 Ang Mo Kio Ave 10 #01-1663,1
Blk 923, Yishun Central 1 #01-352,1
Blk 260 Bangkit Road #01-13,1
Blk 153 Serangoon North Ave 1 #01-508,1
Blk 640 Yishun Street 61 #01-198,1
768 Woodlands Ave 6 #02-07,1
888 Woodlands Drive 50 #01-739,1
Blk 721 Ang Mo Kio Ave 8 #01-2815,1
Blk 259 Bukit Panjang Ring Rd #01-18,1
Blk 253 Serangoon Central Dr #01-187,1
Blk 152 Bishan St 11 #01-215,1
Blk 305 Woodlands St 31 #01-91,1
Blk 832 Yishun Ave 7 #01-71,1
221 Upper Thomson Road,1
6 Sin Ming Road #01-07 Sin Ming Plaza Tower 2,1
Blk 111 Woodlands St 13 #01-80,1
Blk 422 Ang Mo Kio Ave 3 #01-2536,1
Blk 410 Ang Mo Kio Ave 10 #01-841,1
844 Yishun St 81 #01-162,1
72 Woodlands Ave 7 #01-01,1
Blk 257 Bangkit Road #01-45,1
Blk 883 Woodlands St 82 #01-470,1
Blk 883 Woodlands St 83 #01-464,1
Blk 609 #B1-908 Bukit Panjang Ring Rd,1
71 Pioneer Road #01-06,1
Blk 226G Ang Mo Kio St 22 #01-681,1
Blk 226A Ang Mo Kio Ave 1 #01-631,1
Blk 136 Mansiling Road #01-2176,1
Blk 121 Bishan St 12 #01-95,1
Blk 960 Woodlands Road #01-01,1
Blk 303 Woodlands Street 31 #01-185,1
Nanyang Polytechnic 180 Ang Mo Kio Ave 8,1
Blk 701A Yishun Ave 5 #01-04,1
Blk 316B Ang Mo Kio Street 31 #01-10,1
Blk 103 Yishun Ring Road #01-99,1
Blk 371 Woodlands Ave 1 #01-821,1
Blk 111 Woodsland St 13 #01-84,1
701 Transit Rd,1
Blk 631 Ang Mo Kio Ave 4 #01-936,1
Blk 888 Woodlands Dr 50 #02-737, 888 Plaza,1
Blk 131 Marsiling Rise #01-204,1
524A Jelapang Road #02-01,1
927 Yishun Central 1 #01-173,1
Blk 214 Serangoon Ave 4 #01-100,1
Blk 509 Bishan St 11 #01-378,1
Sembawang Shipyard Admiralty Road West,1
Blk 524A Jelapang Road #02-01 Greenridge Shopping Centre,1
Blk 844 Yishun St 81 #01-164,1
Blk 445 Fajar Road #01-550 Fajar Shopping Centre,1
84 Serangoon Garden Way,1
Blk 305 Woodlands St 31 #01-85,1
51 Ang Mo Kio Ave 3 #01-01,1
Blk 116 Bishan St 12 #01-36,1
20 Woodlands St 82,1
Blk 503 Bishan St 11 #01-464,1
Blk 103 Yishun Ring Road #01-73,1
Blk 284 Bishan St 22 #01-209,1
Blk 128 Ang Mo Kio Ave 3 #01-1859,1
Blk 153 Serangoon North Ave 1 #01-534,1
Blk 152 Bishan St 11 #01-213,1
Blk 157 Ang Mo Kio Ave 4 #01-558,1
Blk 744 Yishun St 72 #01-195,1
Blk 900 South Woodlands Drive #02-08 Woodlands Civic Centre,1
Blk 6A Woodlands Centre Road #01-300,1
Blk 607 Ang Mo Kio Ave 4 #01-1295,1
Blk 237 Serangoon Ave 3 #01-124,1
820 Thomson Road,1
Blk 339 Ang Mo Kio Ave 1 #01-1583,1
Blk 629 Ang Mo Kio Ave 4 #01-986,1
Blk 326 Serangoon Ave 3 #01-376,1
Blk 405C Fernvale Lane #01-101,1
Blk 291 Yishun St 22 #01-349,1
Mt Alvernia Hospital 820 Thomson Road,1
Blk 347 Ang Mo Kio Ave 3 #01-2126,1
Blk 717 Woodlands Dr 70 #01-114,1
Blk 316B Ang Mo Kio Street 31 #01-05,1
Blk 1 Marsiling Drive #01-87,1
Blk 626A Woodlands Dr 52 #01-01,1
Blk 153 Serangoon North Ave 1 #01-532,1
167 Woodland St 11 #01-11,1
Blk 664 Yishun Ave 4 #01-275,1
Blk 555 Ang Mo Kio Ave 10 #01-1966,1
Blk 416 Ang Mo Kio Ave 10 #01-997,1
Blk 283 Bishan St 22 #01-197,1
Blk 198 Punggol Field #02-03,1
Blk 106A Punggol Fields Road #01-546,1
Blk 338 Ang Mo Kio Ave 1 #01-1671,1
Blk 166 Woodlands St 13 #02-523,1
11 Canberra Road #02-01 Sembawang MRT Station,1
Blk 222 Bishan St 23 #B1-169,1
Blk 846 Yishun Ring Road #01-3615,1
Blk 632 Ang Mo Kio Ave 4 #01-956,1
Blk 157 Ang Mo Kio Ave 4 #01-556,1
Blk 445 Fajar Road #02-522 Fajar Shopping Centre,1
232 Ang Mo Kio Ave 3 #01-1208,1
932 Yishun Central 1 #01-97,1
#01-03, 8 Cross Street PWC Building,1
Blk 236 Yishun Ring Road #01-1010,1
Blk 163 Ang Mo Kio Ave 4 #01-426,1
Blk 533 Serangoon Nth Ave 4 #B1-233,1
19 Serangoon North Ave 5 #03-02,1
Blk 678 Woodlands Ave 6 #01-722,1
Blk 632 Yishun St 61 #01-06,1
234 Upper Thomson Road,1
177 Toa Payoh Central #01-150,1
P O Box 3 Changi Airport,1
Medical Department P.O. Box 1908 Pulau Bukom,1
Bukit Panjang Post Office P.O. Box 133,1
Blk 347 Bukit Batok St 34 #01-258,1
No. 120 Cantonment Road #02-05 Maritime House,1
Blk 338 Jurong East Ave 1 #01-1644,1
Blk 526 Jurong West St 52 #01-325,1
Blk 221, Boonlay Place #01-240/244 Boonlay Shopping Centre,1
Blk 280 Bukit Batok East Ave 3 #01-333,1
Blk 415 Bukit Batok West Ave 4 #01-272,1
Blk 252 Jurong East St 24 #01-109,1
Blk 639 Bukit Batok Central #01-34,1
Blk 475 Choa Chu Kang Ave 3 #02-03,1
Blk 491 Jurong West Ave 1 #01-153,1
Blk 11 Ghim Moh Road #01-72,1
1 Jurong West Central 2 #06-07 Jurong Point Shopping Centre,1
Blk 38 Teban Gardens Road #01-318/319,,1
Blk 479 Jurong West St 41 #01-266,1
Blk 534 Choa Chu Kang St 51 #01-41,1
Blk 249 Jurong East St 24 #01-88,1
Blk 853 Jurong West St 81 #01-333,1
Blk 498 Jurong West St 41 #01-466,1
253 Choa Chu Kang Ave 1 #01-14A,1
Blk 475 Choa Chu Kang Ave 3 #02-02,1
Blk 959 Jurong West St 92 #01-162,1
Blk 962 Jurong West St 91 #01-306,1
#01-K1 Boon Lay MRT Station,1
Blk 176 Boon Lay Drive #01-372,1
Jurong East Street 12 #01-01B Jurong East MRT Station,1
6 International Business Park #02-05 The Atrium,1
Blk 267A Toh Guan Road #01-02,1
Lot 1 Shopper's Mall #B1-07A,1
Blk 638 Jurong West St 61 #02-09,1
Blk 516 Choa Chu Kang St 51 #01-66,1
JTC Summit No.8, Jurong Town Hall Rd, #03-10,1
64 Yung Kuang Rd, Jurong Town #01-115,1
Blk 492 Jurong West St 41 #01-54,1
No.2 International Business Park #07-01, Tower One, The Strategy,1
Blk 424 Bukit Batok West Ave 2 #01-237,1
Block 283 Bukit Batok East Ave 3 #01-271,1
Blk 166 Bukit Batok West Ave 8 #01-250,1
Blk 359 Bukit Batok ST 31 #01-389,1
Blk 960 Jurong West St 92 #01-184,1
Blk 399 Yung Sheng Road #01-56 Taman Jurong Shopping Centre,1
Blk 207 Bukit Batok St 21 #01-114,1
61, Choa Chu Kang Drive #01-05 Yew Tee MRT Station,1
Blk 213 Bukit Batok St 21 #01-209,1
Blk 218 Boon Lay Avenue #01-113,1
183 Boon Lay Drive #01-546,1
Blk 533 Choa Chu Kang St 51 #01-29 Limbang Shopping Centre,1
Blk 690 Jurong West Central 1 #01-193,1
Blk 309 Choa Chu Kang Avenue 4 #03-01 Choa Chu Kang Centre,1
Blk 135 Jurong East St 13 #04-345,1
Blk 151 Bukit Batok St 11 #01-252,1
Blk 447 Choa Chu Kang Ave 4 #01-371,1
Blk 413 Bukit Batok West Ave 4 #01-214,1
Blk 725 Jurong West Ave 5 #B1-164,1
Blk 252 Jurong East St 24 #01-157,1
688846,1
Blk 517 Jurong West St 52 #01-99,1
Blk 61 Teban Gardens Road #01-20,1
Blk 65 Yung Kuang Road #02-103,1
Blk 150 Jalan Teck Whye #01-43,1
960 Jurong West St 92 #01-166,1
Blk 221 Boon Lay Place #02-160,Boon Lay Shopping Centre,1
26 Teck Whye Lane #01-186,1
Blk 152 Yung Ho Road #B1-03,1
207 Bukit Batok St 21 #01-108,1
Blk 164 Bukit Batok St 11 #01-144,1
372 Bukit Batok St 31 #01-378,1
Exxonmobil Asia Pacific Pte Ltd 18 Pioneer Road,1
Blk 533 Choa Chu Kang St 51 #01-19 Limbang Shopping Centre,1
Blk 131 Jurong East St 13 #01-251,1
Blk 463 Jurong West St 41 #01-560,1
Blk 265 Bukit Batok East Ave 4 #01-387,1
Blk 114 Jurong East St 13 #01-406,1
151 Bukit Batok St 11 #01-256,1
Blk 145 Teck Whye Avenue #01-161,1
Blk 253 Choa Chu Kang Ave 1 #01-21,1
1 Jurong West Central 2 #06-01/14 Jurong Point,1
Blk 528 Bukit Batok St 51 #01-64,1
Blk 601 Choa Chu Kang St 62 #01-09,1
1 Bukit Batok Central Link #01-37 West Mall,1
Blk 235 Choa Chu Kang Central #B1-25,1
Blk 966 Jurong West St 93 #01-219,1
Blk 130 Jurong East St 13 #02-205,1
Blk 638 Pioneer Mall #02-08,1
Blk 492 Jurong West St 41 #01-40,1
Blk 507 Jurong West St 52 #01-156,1
Blk 177 Bukit Batok West Ave 8 #01-259,1
Blk 318 Jurong East St 31 #01-48,1
Blk 374 Bukit Batok St 31 #01-206,1
Blk 960 Jurong West St 92 #01-166,1
235 Corporation Drive,1
Blk 451 Jurong West St 42 #01-186,1
Blk 502 Jurong West Ave 1 #01-805,1
Blk 131 Jurong East St 13 #01-267,1
Blk 762 Jurong West St 75 #01-316,1
Blk 283 Bukit Batok East Ave 3 #01-261,1
306 Choa Chu Kang Ave 4 #01-685,1
Blk 415 Pandan Garden Road #01-115,1
152 Yung Kuang Road #B1-03,1
Blk 638 Jurong West St 61 #02-08 Pioneer Mall,1
Blk 280 Bukit Batok East Ave 3 #01-317,1
1 Jurong West Central 2 #06-05 Jurong Point,1
Blk 533 Choa Chu Kang St 51 #01-19,1
Blk 399 Yung Sheng Road #01-31,1
Blk 235 Jurong East St 21 #01-316,1
Yew Tee MRT Station 61 Choa Chu Kang Drive #02-01,1
Blk 304 Choa Chu Kang Ave 4 #01-651,1
1 Jurong West Central 2 #06-01 Jurong Point,1
Blk 762 Jurong West St 50 #01-290 Gek Poh Shopping Centre,1
Blk 533 Choa Chu Kang St 51 #01-33,1
30 Tuas Ave 2,1
221 Boon Lay Place 240/244 Boon Lay Shopping Centre,1
50 Bt Batok West Ave 3,1
762 Jurong West St 75 #01-290 Gek Poh Shopping Centre,1
Blk 638 Bukit Batok Central #01-28,1
Blk 371 Bukit Batok St 31 #01-314,1
Blk 498 Jurong West St 41 #01-430,1
Blk 249 Jurong East St 24 #01-78,1
64 Yung Kuang Road #01-107/111,1
Block 38 Teban Gardens Road #01-318/319,1
Blk 909 Jurong West St 91 #01-259,1
Medical Centre, NTU Nanyang Avenue,1
Blk 502 Jurong West Ave 1 #01-803,1
9, Raffles Place #29-02, Republic Plaza,1
National Healthcare Group c/o National University Hospital,1
Ministry Of Health HQ College Of Medicine Building 16 College Road,1
Department of Surgery National University Hospital,1
Level 6, Tan Tock Seng Medical Centre 11 Jalan Tan Tock Seng,1
Basement 1 Tan Tock Seng Hospital,1
3 Second Hospital Avenue Singapore 168937,1
No. 5 Lorong Napiri Singapore 547530,1
16 College Road Singapore 169854,1
Blk 80 Marine Parade Central #01-792,1
20 Biopolis Way #08-10 Centros,1
Sengkang Polyclinic,1
STEP Registry, Tuberculostic Control Unit 142 Moulmien Road,1
6A Napier Road #01-38 Gleneagles Hospital Annex,1
408827,1
Licensing & Accreditation Unit College of Medicine Building, 16 College Road,1
Singapore Tourism Board 1 Orchard Spring Lane,1
11 Jalan Tan Tock Seng S 308433,1
Dept of Anaesthesia 11 Jalan Tan Tock Seng,1
Singapore Health Services CGH - Anaesthesia,1
Anaesthesia 5 Lower Kent Ridge Road,1
Cardiac Department 5 Lower Kent Ridge, Level 3,1
National University Hospital 5 Lower Kent Ridge Road Level 3,1
NHG - NUH 5 Lower Kent Ridge Road,1
Department of Colorectal Surgery,1
Singapore General Hospital-Dept of Colorectal Surgery Outram Road,1
Singapore General Hospital,1
Emergency Department,1
Endocrinology Dept Outram Road,1
Singapore Health Services SGH - Endocrinology,1
Dept of Gastroenterology Outram Road,1
Dept of Gastroenteroloy 11 Jln Tan Tock Seng,1
Dept of Gastroenterology 5 Lower Kent Ridge Rd,1
Blk 9 Level 1 10 Buangkok Green,1
10 Woodlands St 31 Singapore 738579,1
659674,1
Singapore Health Services Geylang Polyclinic,1
National Healthcare Group 11 Jalan Tan Tock Seng,1
10 Sinaran Drive Square 2, # 09- 01 Novena Medical Center,1
Dept of Orthopaedic Surgery 5 Lower Kent Ridge Road,1
Dept of General Surgery 11 Jalan Tan Tock Seng,1
Singapore Health Services,1
Medical Oncology 11 Hospital Drive,1
6 Napier Road, Gleneagles Medical Centre #10-05,1
National Health Group 5 Lower Kent Ridge Road,1
KKH - Neonatology,1
National Neuroscience Institute Outram Road,1
Dept of Neurology Outram Road,1
Department of Hematology-Oncology 5 Lower Kent Ridge Road,1
General Surgery Blk/House 11 Jalan Tan Tock Seng,1
144 Moulmein Road,1
Dept of Surgery Outram Road,1
3 Second Hospital Ave #02-04,1
Alexandra Hospital 378 Alexandra Hospital,1
Singapore Health Services Singhealth Polyclinics- Bedok,1
Dept of Medicine 5 Lower Kent Ridge Road,1
Singapore Health Services Bedok Poly,1
Singapore Health Services Tampines Polyclinic,1
National Neuroscience Institute,1
Singapore Health Services Marine Parade Poly,1
KK Women's & Children Hospital-Paediatric Medicine 100 Bukit Timah Road,1
Clinical Project Management & Planning 6 Commonwealth Lane Level 6,1
O&G 100 Bukit Timah Road,1
Dept of Ophthalmology 5 Lower Kent Ridge Road,1
Eye Dept,1
11 Third Hospital Avenue, Singapore 168751,1
Singapore Health Services CGH, Orthopaedic Surgery,1
Neurosurgery,1
Singapore Health Services CGH - Ortho Surgery,1
Orthopaedic Surgery 2 Simei St 3,1
Ortho Surgery Outram Road,1
Paediatric Surgery 5 Lower Kent Ridge Rd,1
Singapore Health Services KKH - Paeds Surgery,1
National Healthcare Group 5 Lower Kent Ridge Road,1
100 Bukit Timah Singapore 229899,1
KK Women's and Children's Hospital 100 Bukit Timah Rd,1
Singapore Health Services KKH - Paeds Ortho,1
Neonatology Outram Road,1
Paediatric Medicine 100 Bukit Timah Road,1
Singapore Health Services CGH - Psychiatry,1
539747,1
Rehabilitation Medicine Outram Road,1
17 Ang Mo Kio Ave 9 Singapore 569766,1
144 Moulmein Road Singapore 308089,1
Respiratory & Critical Care 2 Simei St 3,1
Dept of Respiratory & Critical Care Medicine,1
Resp & Critical care 2 Simei St 3,1
Rheum & Immunology Outram Road,1
National University Hospital 5 Lower Kent Ridger Road,1
304 Orchard Road #05-06 Lucky Plaza,1
38 Watten Rise,1
Blk 445 Bedok North Street 1 Princess Theathre Building,1
11 Hospital Drive,1
KK Women's and Children's Hospital 100 Bukit Timah Road,1
360 Orchard Road #04-02 International Building,1
Blk 355 Sembawang Way #02-03,1
National University of Singapore (Main Building) 5 Lower Kent Ridge Road,1
21 Geylang East Central,1
Tampines Street 81,1
Blk 5 Eunos Crescent #01-2615,1
232 Mickleham Road Tullamarine Vic 3043,1
290 Orchard Road #11-09 Paragon Medical,1
South Australia,1
Dept of Rheumatology & Immunology Blk 6 Level 9, Outram Road,1
National Healthcare Group Dept of Orthopaedics,1
#27-03 Bayshore Park Aquamarine Tower,1
Dept of Oral & Maxillofacial Surgery 5 Lower Kent Ridge Road,1
6A Napier Road #05-37 Gleneagles Hospital Annexe Block,1
11 Jalan Tan Tock Seng Level 6,1
339 Thomson Road Singapore 307677,1
Adelaide Australia,1
Woodbridge, VA 22191,1
34 Jalan Campbell Kuala Lumpur,1
1376 Nanjing XiLu 200040,1
Emergency Medicine,1
ENT,1
20 Biopolis Way #08-01 Centros,1
St Agnes S.A. 5097, Australia,1
Sydney, Australia,1
Department of Paediatric Surgery 5 Lower Kent Ridge Road,1
SAF Ward, Alexandra Hospital 378 Alexandra Road,1
Department of Internal Medicine,1
17 Ang Mo Kio Ave 9 #17-00 Ang Mo Kio Community Hospital,1
Faculty of Medicine, Department of Occupational Health P O Box 818, Pymble, Sydney NSW 2073,1
Marine Parade Polyclinic,1
5 Lower Kent Ridge Road Main Building Level 1,1
Hong Kong,1
3 Mt Elizabeth #03-04/05 Mount Elizabeth Medical Centre,1
Admin/Operations Outram Road,1
Internal Medicine 2 Simei Str 3,1
HDB Hub 480 Lorong 6 Toa Payoh,1
National Heart Centre 17, Third Hospital Avenue,1
#20-02 Paragon 238859 Singapore,1
15th & 16th Floor Camden Medical Center,1
#12-15 Mt Elizabeth Medical Centre, 3 Mt Elizabeth,1
Blk 73 Bedok South Ave 3 #01-460,1
3 Mount Elizabeth, #12-04, Mount Elizabeth Medical Centre,1
8 Jalan Batu #01-15,1
6 Napier Road #03-02 Gleneagles Medical Centre,1
Mount Elizabeth Medical Centre,,1
#04-03A Camden Medical Centre One Orchard Boulevard,1
6 Napier Rd #05-01 Gleneagles Medical Centre,1
6 Napier Road #07-14 Gleneagles Medical Centre,1
