uk_council,value,tooltip,,,,
Aberdeen City Council,210400,"Aberdeen City Council - 210,000",,,,
Aberdeenshire Council,241500,"Aberdeenshire Council - 242,000",,,,
Adur District Council,60700,"Adur District Council - 61,000",,,,
Allerdale Borough Council,94500,"Allerdale Borough Council - 95,000",,,,
Amber Valley Borough Council,121100,"Amber Valley Borough Council - 121,000",,,,
Angus Council,110300,"Angus Council - 110,000",,,,
Antrim Borough Council,53200,"Antrim Borough Council - 53,000",,,,
Ards Borough Council,77600,"Ards Borough Council - 78,000",,,,
Argyll and Bute Council,90500,"Argyll and Bute Council - 91,000",,,,
Armagh,58200,"Armagh - 58,000",,,,
Arun District Council,146600,"Arun District Council - 147,000",,,,
Ashfield District Council,116500,"Ashfield District Council - 117,000",,,,
Ashford Borough Council,113500,"Ashford Borough Council - 114,000",,,,
Aylesbury Vale District Council,176000,"Aylesbury Vale District Council - 176,000",,,,
Babergh District Council,87000,"Babergh District Council - 87,000",,,,
Ballymena,62700,"Ballymena - 63,000",,,,
Ballymoney Borough Council,30100,"Ballymoney Borough Council - 30,000",,,,
Banbridge District Council,47000,"Banbridge District Council - 47,000",,,,
Barnsley Borough Council,225900,"Barnsley Borough Council - 226,000",,,,
Barrow-in-Furness Borough Council,71800,"Barrow-in-Furness Borough Council - 72,000",,,,
Basildon District Council,172600,"Basildon District Council - 173,000",,,,
Basingstoke and Deane Borough Council,161700,"Basingstoke and Deane Borough Council - 162,000",,,,
Bassetlaw District Council,112200,"Bassetlaw District Council - 112,000",,,,
Bath and North East Somerset Council,180300,"Bath and North East Somerset Council - 180,000",,,,
Bedford Borough Council,155700,"Bedford Borough Council - 156,000",,,,
Belfast City Council,268300,"Belfast City Council - 268,000",,,,
Birmingham City Council,1016800,"Birmingham City Council - 1,017,000",,,,
Blaby District Council,93400,"Blaby District Council - 93,000",,,,
Blackburn with Darwen Borough Council,140700,"Blackburn with Darwen Borough Council - 141,000",,,,
Blackpool Council,141900,"Blackpool Council - 142,000",,,,
Blaenau Gwent County Borough,69100,"Blaenau Gwent County Borough - 69,000",,,,
Bolsover District Council,74300,"Bolsover District Council - 74,000",,,,
Bolton Metropolitan Borough Council,262800,"Bolton Metropolitan Borough Council - 263,000",,,,
Boston Borough Council,58300,"Boston Borough Council - 58,000",,,,
Bournemouth Borough Council,163900,"Bournemouth Borough Council - 164,000",,,,
Bracknell Forest Council,114700,"Bracknell Forest Council - 115,000",,,,
Bradford Metropolitan Council,501700,"Bradford Metropolitan Council - 502,000",,,,
Braintree District Council,142100,"Braintree District Council - 142,000",,,,
Breckland District Council,131800,"Breckland District Council - 132,000",,,,
Brentwood Borough Council,73200,"Brentwood Borough Council - 73,000",,,,
Bridgend County Borough Council,134800,"Bridgend County Borough Council - 135,000",,,,
Brighton and Hove City Council,256600,"Brighton and Hove City Council - 257,000",,,,
Bristol City Council,421300,"Bristol City Council - 421,000",,,,
Broadland District Council,123300,"Broadland District Council - 123,000",,,,
Bromsgrove District Council,92800,"Bromsgrove District Council - 93,000",,,,
Broxbourne Council,90100,"Broxbourne Council - 90,000",,,,
Broxtowe Borough Council,112000,"Broxtowe Borough Council - 112,000",,,,
Buckinghamshire County Council,482577,"Buckinghamshire County Council - 483,000",,,,
Burnley Borough Council,87300,"Burnley Borough Council - 87,000",,,,
Bury Metropolitan Borough Council,183100,"Bury Metropolitan Borough Council - 183,000",,,,
Caerphilly County Borough Council,172400,"Caerphilly County Borough Council - 172,000",,,,
Calderdale,201800,"Calderdale - 202,000",,,,
Cambridge City Council,122800,"Cambridge City Council - 123,000",,,,
Cambridgeshire County Council,769100,"Cambridgeshire County Council - 769,000",,,,
Cannock Chase District Council,94800,"Cannock Chase District Council - 95,000",,,,
Canterbury City Council,149700,"Canterbury City Council - 150,000",,,,
Cardiff Council,324800,"Cardiff Council - 325,000",,,,
Carlisle City Council,103700,"Carlisle City Council - 104,000",,,,
Carmarthenshire County Council,180500,"Carmarthenshire County Council - 181,000",,,,
Carrickfergus Borough Council,40000,"Carrickfergus Borough Council - 40,000",,,,
Castle Point,89800,"Castle Point - 90,000",,,,
Castlereagh Borough Council,66200,"Castlereagh Borough Council - 66,000",,,,
Central Bedfordshire Council,255000,"Central Bedfordshire Council - 255,000",,,,
Ceredigion County Council,78000,"Ceredigion County Council - 78,000",,,,
Charnwood Borough Council,167100,"Charnwood Borough Council - 167,000",,,,
Chelmsford Borough Council,167100,"Chelmsford Borough Council - 167,000",,,,
Cheltenham Borough Council,112000,"Cheltenham Borough Council - 112,000",,,,
Cherwell District Council,138200,"Cherwell District Council - 138,000",,,,
Cheshire East,361500,"Cheshire East - 362,000",,,,
Cheshire West and Chester,328600,"Cheshire West and Chester - 329,000",,,,
Chesterfield Borough Council,100800,"Chesterfield Borough Council - 101,000",,,,
Chichester District Council,110500,"Chichester District Council - 111,000",,,,
Chiltern District Council,90900,"Chiltern District Council - 91,000",,,,
Chorley Borough Council,104800,"Chorley Borough Council - 105,000",,,,
Christchurch Borough Council,45800,"Christchurch Borough Council - 46,000",,,,
City and County of Swansea,229100,"City and County of Swansea - 229,000",,,,
City of Edinburgh,471700,"City of Edinburgh - 472,000",,,,
City of Glasgow,584200,"City of Glasgow - 584,000",,,,
City of London Corporation,7900,"City of London Corporation - 8,000",,,,
City of Westminster,236000,"City of Westminster - 236,000",,,,
City of York Council,195400,"City of York Council - 195,000",,,,
Clackmannanshire Council,50500,"Clackmannanshire Council - 51,000",,,,
Colchester Borough Council,181000,"Colchester Borough Council - 181,000",,,,
Coleraine Borough Council,57000,"Coleraine Borough Council - 57,000",,,,
Comhairle nan Eilean Siar &#0040;Western Isles Council&#0041;,26200,"Comhairle nan Eilean Siar &#0040;Western Isles Council&#0041; - 26,000",,,,
Conwy County Borough Council,112000,"Conwy County Borough Council - 112,000",,,,
Cookstown District Council,35900,"Cookstown District Council - 36,000",,,,
Copeland Borough Council,70300,"Copeland Borough Council - 70,000",,,,
Corby Borough Council,55800,"Corby Borough Council - 56,000",,,,
Cornwall Council,532200,"Cornwall Council - 532,000",,,,
Cotswold District Council,83500,"Cotswold District Council - 84,000",,,,
Council of the Isles of Scilly,n,,,,,
Coventry City Council,309800,"Coventry City Council - 310,000",,,,
Craigavon Borough Council,90800,"Craigavon Borough Council - 91,000",,,,
Craven District Council,56200,"Craven District Council - 56,000",,,,
Crawley Borough Council,101300,"Crawley Borough Council - 101,000",,,,
Cumbria County Council,496600,"Cumbria County Council - 497,000",,,,
Dacorum Borough Council,139600,"Dacorum Borough Council - 140,000",,,,
Darlington Borough Council,100500,"Darlington Borough Council - 101,000",,,,
Dartford Borough Council,92000,"Dartford Borough Council - 92,000",,,,
Daventry District Council,79700,"Daventry District Council - 80,000",,,,
Denbighshire Council,97600,"Denbighshire Council - 98,000",,,,
Derby City Council,239200,"Derby City Council - 239,000",,,,
Derbyshire County Council,1001500,"Derbyshire County Council - 1,002,000",,,,
Derbyshire Dales,70700,"Derbyshire Dales - 71,000",,,,
Derry &#0040;City of Londonderry&#0041;,109100,"Derry &#0040;City of Londonderry&#0041; - 109,000",,,,
Devon County Council,n,,,,,
Doncaster Metropolitan Borough Council,291600,"Doncaster Metropolitan Borough Council - 292,000",,,,
Dorset County Council,710500,"Dorset County Council - 711,000",,,,
Dover District Council,106900,"Dover District Council - 107,000",,,,
Down District Council,69800,"Down District Council - 70,000",,,,
Dudley Metropolitan Borough,306500,"Dudley Metropolitan Borough - 307,000",,,,
Dumfries and Galloway Council,148600,"Dumfries and Galloway Council - 149,000",,,,
Dundee City Council,142500,"Dundee City Council - 143,000",,,,
Dungannon District Council,55400,"Dungannon District Council - 55,000",,,,
Durham County Council,508500,"Durham County Council - 509,000",,,,
East Ayrshire Council,119900,"East Ayrshire Council - 120,000",,,,
East Cambridgeshire,82300,"East Cambridgeshire - 82,000",,,,
East Devon,132700,"East Devon - 133,000",,,,
East Dorset District Council,85900,"East Dorset District Council - 86,000",,,,
East Dunbartonshire Council,104700,"East Dunbartonshire Council - 105,000",,,,
East Hampshire District Council,111700,"East Hampshire District Council - 112,000",,,,
East Hertfordshire,135500,"East Hertfordshire - 136,000",,,,
East Lindsey District Council,141000,"East Lindsey District Council - 141,000",,,,
East Lothian Council,96100,"East Lothian Council - 96,000",,,,
East Northamptonshire Council,86200,"East Northamptonshire Council - 86,000",,,,
East Renfrewshire Council,89200,"East Renfrewshire Council - 89,000",,,,
East Riding of Yorkshire Council,335000,"East Riding of Yorkshire Council - 335,000",,,,
East Staffordshire Borough Council,109100,"East Staffordshire Borough Council - 109,000",,,,
East Sussex County Council,n,,,,,
Eastbourne Council,96100,"Eastbourne Council - 96,000",,,,
Eastleigh Borough Council,121000,"Eastleigh Borough Council - 121,000",,,,
Eden District Council,51900,"Eden District Council - 52,000",,,,
Elmbridge Borough Council,132400,"Elmbridge Borough Council - 132,000",,,,
Epping Forest District Council,123900,"Epping Forest District Council - 124,000",,,,
Epsom and Ewell Borough Council,72400,"Epsom and Ewell Borough Council - 72,000",,,,
Erewash Borough,111300,"Erewash Borough - 111,000",,,,
Essex County Council,1712200,"Essex County Council - 1,712,000",,,,
Exeter City,123500,"Exeter City - 124,000",,,,
Falkirk District Council,151600,"Falkirk District Council - 152,000",,,,
Fareham Borough Council,110300,"Fareham Borough Council - 110,000",,,,
Fenland District Council,91800,"Fenland District Council - 92,000",,,,
Fermanagh Council,62000,"Fermanagh Council - 62,000",,,,
Fife Council,361900,"Fife Council - 362,000",,,,
Flintshire County Council,151000,"Flintshire County Council - 151,000",,,,
Forest Heath District Council,64700,"Forest Heath District Council - 65,000",,,,
Forest of Dean District Council,81900,"Forest of Dean District Council - 82,000",,,,
Fylde Borough Council,76500,"Fylde Borough Council - 77,000",,,,
Gateshead Metropolitan Borough Council,190600,"Gateshead Metropolitan Borough Council - 191,000",,,,
Gedling Borough Council,112100,"Gedling Borough Council - 112,000",,,,
Gloucester City Council,115300,"Gloucester City Council - 115,000",,,,
Gloucestershire County Council,n,,,,,
Gosport Borough Council,80000,"Gosport Borough Council - 80,000",,,,
Gravesham Borough Council,98000,"Gravesham Borough Council - 98,000",,,,
Great Yarmouth Borough Council,94400,"Great Yarmouth Borough Council - 94,000",,,,
Greater London Authority,n,,,,,
Guildford Borough Council,135700,"Guildford Borough Council - 136,000",,,,
Gwynedd Council,118200,"Gwynedd Council - 118,000",,,,
Halton Borough Council,119800,"Halton Borough Council - 120,000",,,,
Hambleton,87100,"Hambleton - 87,000",,,,
Hampshire County Council,n,,,,,
Harborough District Council,82800,"Harborough District Council - 83,000",,,,
Harlow Council,79000,"Harlow Council - 79,000",,,,
Harrogate Borough Council,160500,"Harrogate Borough Council - 161,000",,,,
Hart District Council,90600,"Hart District Council - 91,000",,,,
Hartlepool Borough Council,91700,"Hartlepool Borough Council - 92,000",,,,
Hastings Borough Council,86400,"Hastings Borough Council - 86,000",,,,
Havant District Council,117600,"Havant District Council - 118,000",,,,
Herefordshire Council,179300,"Herefordshire Council - 179,000",,,,
Hertfordshire County Council,1078400,"Hertfordshire County Council - 1,078,000",,,,
Hertsmere Borough Council,98700,"Hertsmere Borough Council - 99,000",,,,
High Peak Borough,93200,"High Peak Borough - 93,000",,,,
Highland Council,219400,"Highland Council - 219,000",,,,
Hinckley and Bosworth District Council,105200,"Hinckley and Bosworth District Council - 105,000",,,,
Horsham District Council,130699,"Horsham District Council - 131,000",,,,
Hull City Council,258700,"Hull City Council - 259,000",,,,
Huntingdonshire District Council,168900,"Huntingdonshire District Council - 169,000",,,,
Hyndburn Borough Council,81600,"Hyndburn Borough Council - 82,000",,,,
Inverclyde Council,80800,"Inverclyde Council - 81,000",,,,
Ipswich Borough Council,122300,"Ipswich Borough Council - 122,000",,,,
Isle of Anglesey Council,69000,"Isle of Anglesey Council - 69,000",,,,
Isle of Wight Council,140200,"Isle of Wight Council - 140,000",,,,
Kent County Council,1401700,"Kent County Council - 1,402,000",,,,
Kettering Borough Council,90700,"Kettering Borough Council - 91,000",,,,
King's Lynn and West Norfolk Borough Council,144800,"King's Lynn and West Norfolk Borough Council - 145,000",,,,
Kirklees Metropolitan Borough Council,403900,"Kirklees Metropolitan Borough Council - 404,000",,,,
Knowsley Metropolitan Borough,150800,"Knowsley Metropolitan Borough - 151,000",,,,
Lancashire County Council,n,,,,,
Lancaster City Council,143700,"Lancaster City Council - 144,000",,,,
Larne Borough Council,31300,"Larne Borough Council - 31,000",,,,
Leeds City Council,770800,"Leeds City Council - 771,000",,,,
Leicester City Council,294700,"Leicester City Council - 295,000",,,,
Leicestershire County Council,n,,,,,
Lewes District Council,95200,"Lewes District Council - 95,000",,,,
Lichfield District Council,97900,"Lichfield District Council - 98,000",,,,
Limavady Borough Council,34100,"Limavady Borough Council - 34,000",,,,
Lincoln City Council,88400,"Lincoln City Council - 88,000",,,,
Lincolnshire County Council,697900,"Lincolnshire County Council - 698,000",,,,
Lisburn City Council,114800,"Lisburn City Council - 115,000",,,,
Liverpool City Council,434900,"Liverpool City Council - 435,000",,,,
London Borough of Barking and Dagenham,168900,"London Borough of Barking and Dagenham - 169,000",,,,
London Borough of Barnet,331500,"London Borough of Barnet - 332,000",,,,
London Borough of Bexley,223300,"London Borough of Bexley - 223,000",,,,
London Borough of Brent,270600,"London Borough of Brent - 271,000",,,,
London Borough of Bromley,302600,"London Borough of Bromley - 303,000",,,,
London Borough of Camden,235700,"London Borough of Camden - 236,000",,,,
London Borough of Croydon,341800,"London Borough of Croydon - 342,000",,,,
London Borough of Ealing,309000,"London Borough of Ealing - 309,000",,,,
London Borough of Enfield,287600,"London Borough of Enfield - 288,000",,,,
London Borough of Greenwich,222900,"London Borough of Greenwich - 223,000",,,,
London Borough of Hackney,212200,"London Borough of Hackney - 212,000",,,,
London Borough of Hammersmith and Fulham,172200,"London Borough of Hammersmith and Fulham - 172,000",,,,
London Borough of Haringey,226200,"London Borough of Haringey - 226,000",,,,
London Borough of Harrow,216200,"London Borough of Harrow - 216,000",,,,
London Borough of Havering,230100,"London Borough of Havering - 230,000",,,,
London Borough of Hillingdon,253200,"London Borough of Hillingdon - 253,000",,,,
London Borough of Hounslow,222600,"London Borough of Hounslow - 223,000",,,,
London Borough of Islington,190900,"London Borough of Islington - 191,000",,,,
London Borough of Lambeth,274500,"London Borough of Lambeth - 275,000",,,,
London Borough of Lewisham,261600,"London Borough of Lewisham - 262,000",,,,
London Borough of Merton,201400,"London Borough of Merton - 201,000",,,,
London Borough of Newham,249500,"London Borough of Newham - 250,000",,,,
London Borough of Redbridge,257600,"London Borough of Redbridge - 258,000",,,,
London Borough of Richmond upon Thames,180100,"London Borough of Richmond upon Thames - 180,000",,,,
London Borough of Southwark,278000,"London Borough of Southwark - 278,000",,,,
London Borough of Sutton,187600,"London Borough of Sutton - 188,000",,,,
London Borough of Tower Hamlets,220500,"London Borough of Tower Hamlets - 221,000",,,,
London Borough of Waltham Forest,223200,"London Borough of Waltham Forest - 223,000",,,,
London Borough of Wandsworth,284000,"London Borough of Wandsworth - 284,000",,,,
Luton Borough Council,191800,"Luton Borough Council - 192,000",,,,
Magherafelt District Council,43800,"Magherafelt District Council - 44,000",,,,
Maidstone Borough Council,145400,"Maidstone Borough Council - 145,000",,,,
Maldon District Council,63100,"Maldon District Council - 63,000",,,,
Malvern Hills District Council,74800,"Malvern Hills District Council - 75,000",,,,
Manchester City Council,464200,"Manchester City Council - 464,000",,,,
Mansfield District Council,100600,"Mansfield District Council - 101,000",,,,
Medway Council,253500,"Medway Council - 254,000",,,,
Melton Borough Council,49300,"Melton Borough Council - 49,000",,,,
Mendip District Council,110100,"Mendip District Council - 110,000",,,,
Merthyr Tydfil Council,55700,"Merthyr Tydfil Council - 56,000",,,,
Mid Devon District Council,76700,"Mid Devon District Council - 77,000",,,,
Mid Suffolk District Council,94700,"Mid Suffolk District Council - 95,000",,,,
Mid Sussex District Council,131600,"Mid Sussex District Council - 132,000",,,,
Middlesbrough Borough Council,139000,"Middlesbrough Borough Council - 139,000",,,,
Midlothian Council,80600,"Midlothian Council - 81,000",,,,
Milton Keynes Council,232200,"Milton Keynes Council - 232,000",,,,
Mole Valley Council,82000,"Mole Valley Council - 82,000",,,,
Monmouthshire Council,88400,"Monmouthshire Council - 88,000",,,,
Moray Council,87800,"Moray Council - 88,000",,,,
Moyle District Council,16900,"Moyle District Council - 17,000",,,,
Neath Port Talbot Council,137600,"Neath Port Talbot Council - 138,000",,,,
New Forest District Council,175400,"New Forest District Council - 175,000",,,,
Newark and Sherwood,113300,"Newark and Sherwood - 113,000",,,,
Newcastle upon Tyne City Council,273600,"Newcastle upon Tyne City Council - 274,000",,,,
Newcastle-under-Lyme Council,124700,"Newcastle-under-Lyme Council - 125,000",,,,
Newport Council,140700,"Newport Council - 141,000",,,,
Newry and Mourne District Council,97300,"Newry and Mourne District Council - 97,000",,,,
Newtownabbey Borough Council,82700,"Newtownabbey Borough Council - 83,000",,,,
Norfolk County Council,850800,"Norfolk County Council - 851,000",,,,
North Ayrshire Council,135900,"North Ayrshire Council - 136,000",,,,
North Devon District Council,92300,"North Devon District Council - 92,000",,,,
North Dorset District Council,67900,"North Dorset District Council - 68,000",,,,
North Down Borough Council,78900,"North Down Borough Council - 79,000",,,,
North East Derbyshire,98200,"North East Derbyshire - 98,000",,,,
North East Lincolnshire Council,158200,"North East Lincolnshire Council - 158,000",,,,
North Hertfordshire District Council,123800,"North Hertfordshire District Council - 124,000",,,,
North Kesteven District Council,106100,"North Kesteven District Council - 106,000",,,,
North Lanarkshire Council,325500,"North Lanarkshire Council - 326,000",,,,
North Lincolnshire Council,160300,"North Lincolnshire Council - 160,000",,,,
North Norfolk District Council,101500,"North Norfolk District Council - 102,000",,,,
North Somerset Council,206800,"North Somerset Council - 207,000",,,,
North Tyneside Council,197300,"North Tyneside Council - 197,000",,,,
North Warwickshire Borough Council,62300,"North Warwickshire Borough Council - 62,000",,,,
North West Leicestershire,90800,"North West Leicestershire - 91,000",,,,
North Yorkshire County Council,1073200,"North Yorkshire County Council - 1,073,000",,,,
Northampton Borough Council,205200,"Northampton Borough Council - 205,000",,,,
Northamptonshire County Council,685000,"Northamptonshire County Council - 685,000",,,,
Northumberland County Council,311000,"Northumberland County Council - 311,000",,,,
Norwich City Council,135800,"Norwich City Council - 136,000",,,,
Nottingham City Council,292400,"Nottingham City Council - 292,000",,,,
Nottinghamshire County Council,1068900,"Nottinghamshire County Council - 1,069,000",,,,
Nuneaton and Bedworth,122000,"Nuneaton and Bedworth - 122,000",,,,
Oadby and Wigston District Council,57200,"Oadby and Wigston District Council - 57,000",,,,
Oldham Metropolitan Borough Council,219700,"Oldham Metropolitan Borough Council - 220,000",,,,
Omagh District Council,52100,"Omagh District Council - 52,000",,,,
Orkney Islands Council,19900,"Orkney Islands Council - 20,000",,,,
Oxford City Council,153900,"Oxford City Council - 154,000",,,,
Oxfordshire County Council,639700,"Oxfordshire County Council - 640,000",,,,
Pembrokeshire Council,118800,"Pembrokeshire Council - 119,000",,,,
Pendle Borough Council,89900,"Pendle Borough Council - 90,000",,,,
Perth and Kinross Council,144200,"Perth and Kinross Council - 144,000",,,,
Peterborough City Council,164000,"Peterborough City Council - 164,000",,,,
Plymouth City Council,252800,"Plymouth City Council - 253,000",,,,
Poole Borough Council,138800,"Poole Borough Council - 139,000",,,,
Portsmouth City Council,200000,"Portsmouth City Council - 200,000",,,,
Powys County Council,132600,"Powys County Council - 133,000",,,,
Preston Borough Council,132000,"Preston Borough Council - 132,000",,,,
Purbeck District Council,46000,"Purbeck District Council - 46,000",,,,
Reading Borough Council,145700,"Reading Borough Council - 146,000",,,,
Redcar and Cleveland,139500,"Redcar and Cleveland - 140,000",,,,
Redditch Borough Council,79900,"Redditch Borough Council - 80,000",,,,
Reigate and Banstead Borough Council,134800,"Reigate and Banstead Borough Council - 135,000",,,,
Renfrewshire Council,169800,"Renfrewshire Council - 170,000",,,,
Rhondda Cynon Taf County Borough Council,234100,"Rhondda Cynon Taf County Borough Council - 234,000",,,,
Ribble Valley Borough Council,58500,"Ribble Valley Borough Council - 59,000",,,,
Richmondshire District Council,51500,"Richmondshire District Council - 52,000",,,,
Rochdale Metropolitan Borough Council,206300,"Rochdale Metropolitan Borough Council - 206,000",,,,
Rochford District Council,83200,"Rochford District Council - 83,000",,,,
Rossendale,67300,"Rossendale - 67,000",,,,
Rother District Council,88800,"Rother District Council - 89,000",,,,
Rotherham Metropolitan Borough Council,253900,"Rotherham Metropolitan Borough Council - 254,000",,,,
Royal Borough of Kensington and Chelsea,180300,"Royal Borough of Kensington and Chelsea - 180,000",,,,
Royal Borough of Kingston upon Thames,160100,"Royal Borough of Kingston upon Thames - 160,000",,,,
Royal Borough of Windsor and Maidenhead,142800,"Royal Borough of Windsor and Maidenhead - 143,000",,,,
Rugby,91700,"Rugby - 92,000",,,,
Runnymede Borough Council,83400,"Runnymede Borough Council - 83,000",,,,
Rushcliffe Council,109800,"Rushcliffe Council - 110,000",,,,
Rushmoor Borough Council,89600,"Rushmoor Borough Council - 90,000",,,,
Rutland County Council,39200,"Rutland County Council - 39,000",,,,
Ryedale,53500,"Ryedale - 54,000",,,,
Salford City Council,221300,"Salford City Council - 221,000",,,,
Sandwell Metropolitan Borough Council,289100,"Sandwell Metropolitan Borough Council - 289,000",,,,
Scarborough Borough Council,108500,"Scarborough Borough Council - 109,000",,,,
Scottish Borders Council,112400,"Scottish Borders Council - 112,000",,,,
Sedgemoor,112800,"Sedgemoor - 113,000",,,,
Sefton Metropolitan Borough Council,275100,"Sefton Metropolitan Borough Council - 275,000",,,,
Selby,82000,"Selby - 82,000",,,,
Sevenoaks District Council,114700,"Sevenoaks District Council - 115,000",,,,
Sheffield Council,534500,"Sheffield Council - 535,000",,,,
Shepway District Council,100100,"Shepway District Council - 100,000",,,,
Shetland Islands Council,22000,"Shetland Islands Council - 22,000",,,,
Shropshire Council,292800,"Shropshire Council - 293,000",,,,
Slough Borough Council,121200,"Slough Borough Council - 121,000",,,,
Solihull Metropolitan Borough Council,205500,"Solihull Metropolitan Borough Council - 206,000",,,,
Somerset County Council,n,,,,,
South Ayrshire Council,111700,"South Ayrshire Council - 112,000",,,,
South Bucks District Council,64800,"South Bucks District Council - 65,000",,,,
South Cambridgeshire,139300,"South Cambridgeshire - 139,000",,,,
South Derbyshire,92700,"South Derbyshire - 93,000",,,,
South Gloucestershire District Council,257700,"South Gloucestershire District Council - 258,000",,,,
South Hams District Council,83500,"South Hams District Council - 84,000",,,,
South Holland,83400,"South Holland - 83,000",,,,
South Kesteven,132000,"South Kesteven - 132,000",,,,
South Lakeland District Council,104400,"South Lakeland District Council - 104,000",,,,
South Lanarkshire Council,310100,"South Lanarkshire Council - 310,000",,,,
South Norfolk,119200,"South Norfolk - 119,000",,,,
South Northamptonshire,91000,"South Northamptonshire - 91,000",,,,
South Oxfordshire District Council,129100,"South Oxfordshire District Council - 129,000",,,,
South Ribble Borough Council,107200,"South Ribble Borough Council - 107,000",,,,
South Somerset District Council,158700,"South Somerset District Council - 159,000",,,,
South Staffordshire,106400,"South Staffordshire - 106,000",,,,
South Tyneside Metropolitan Borough Council,151600,"South Tyneside Metropolitan Borough Council - 152,000",,,,
Southampton City Council,234600,"Southampton City Council - 235,000",,,,
Southend-on-Sea Council,164300,"Southend-on-Sea Council - 164,000",,,,
Spelthorne Borough Council,91200,"Spelthorne Borough Council - 91,000",,,,
St Albans City and District Council,133700,"St Albans City and District Council - 134,000",,,,
St Edmundsbury Borough Council,103700,"St Edmundsbury Borough Council - 104,000",,,,
St Helens Borough Council,177500,"St Helens Borough Council - 178,000",,,,
Stafford Borough Council,124700,"Stafford Borough Council - 125,000",,,,
Staffordshire County Council,1069000,"Staffordshire County Council - 1,069,000",,,,
Staffordshire Moorlands District Council,95500,"Staffordshire Moorlands District Council - 96,000",,,,
Stevenage Borough Council,80000,"Stevenage Borough Council - 80,000",,,,
Stirling Council,88400,"Stirling Council - 88,000",,,,
Stockport Metropolitan Borough Council,281000,"Stockport Metropolitan Borough Council - 281,000",,,,
Stockton-on-Tees Borough Council,191900,"Stockton-on-Tees Borough Council - 192,000",,,,
Stoke-on-Trent City Council,240100,"Stoke-on-Trent City Council - 240,000",,,,
Strabane District Council,39600,"Strabane District Council - 40,000",,,,
Stratford-on-Avon,118800,"Stratford-on-Avon - 119,000",,,,
Stroud District Council,110700,"Stroud District Council - 111,000",,,,
Suffolk Coastal District Council,125600,"Suffolk Coastal District Council - 126,000",,,,
Suffolk County Council,714000,"Suffolk County Council - 714,000",,,,
Sunderland City Council,280300,"Sunderland City Council - 280,000",,,,
Surrey County Council,1109700,"Surrey County Council - 1,110,000",,,,
Surrey Heath Borough Council,83400,"Surrey Heath Borough Council - 83,000",,,,
Swale Borough Council,131900,"Swale Borough Council - 132,000",,,,
Swindon Borough Council,192900,"Swindon Borough Council - 193,000",,,,
Tameside Metropolitan Borough Council,215500,"Tameside Metropolitan Borough Council - 216,000",,,,
Tamworth Borough Council,75800,"Tamworth Borough Council - 76,000",,,,
Tandridge District Council,83500,"Tandridge District Council - 84,000",,,,
Taunton Deane Borough Council,108700,"Taunton Deane Borough Council - 109,000",,,,
Teignbridge District Council,127600,"Teignbridge District Council - 128,000",,,,
Telford and Wrekin Council,162100,"Telford and Wrekin Council - 162,000",,,,
Tendring District Council,147600,"Tendring District Council - 148,000",,,,
Test Valley Borough Council,115400,"Test Valley Borough Council - 115,000",,,,
Tewkesbury Borough Council,79100,"Tewkesbury Borough Council - 79,000",,,,
Thanet District Council,129900,"Thanet District Council - 130,000",,,,
Three Rivers District Council,87700,"Three Rivers District Council - 88,000",,,,
Thurrock Council,151600,"Thurrock Council - 152,000",,,,
Tonbridge and Malling Borough Council,117100,"Tonbridge and Malling Borough Council - 117,000",,,,
Torbay Council,134000,"Torbay Council - 134,000",,,,
Torfaen County Borough,91100,"Torfaen County Borough - 91,000",,,,
Torridge District Council,65600,"Torridge District Council - 66,000",,,,
Trafford Metropolitan Council,212800,"Trafford Metropolitan Council - 213,000",,,,
Tunbridge Wells Borough Council,107400,"Tunbridge Wells Borough Council - 107,000",,,,
Uttlesford District Council,73700,"Uttlesford District Council - 74,000",,,,
Vale of Glamorgan,124900,"Vale of Glamorgan - 125,000",,,,
Vale of White Horse District Council,116900,"Vale of White Horse District Council - 117,000",,,,
Wakefield City Metropolitan District Council,322300,"Wakefield City Metropolitan District Council - 322,000",,,,
Walsall Metropolitan Borough Council,255400,"Walsall Metropolitan Borough Council - 255,000",,,,
Warrington Borough Council,196200,"Warrington Borough Council - 196,000",,,,
Warwick District Council,135700,"Warwick District Council - 136,000",,,,
Warwickshire County Council,530500,"Warwickshire County Council - 531,000",,,,
Watford Borough Council,81000,"Watford Borough Council - 81,000",,,,
Waveney District Council,117700,"Waveney District Council - 118,000",,,,
Waverley Borough Council,118700,"Waverley Borough Council - 119,000",,,,
Wealden District Council,143300,"Wealden District Council - 143,000",,,,
Wellingborough,76400,"Wellingborough - 76,000",,,,
Welwyn Hatfield Council,108300,"Welwyn Hatfield Council - 108,000",,,,
West Berkshire Council,152800,"West Berkshire Council - 153,000",,,,
West Devon Borough Council,52900,"West Devon Borough Council - 53,000",,,,
West Dorset District Council,97200,"West Dorset District Council - 97,000",,,,
West Dunbartonshire,90900,"West Dunbartonshire - 91,000",,,,
West Lancashire District Council,109400,"West Lancashire District Council - 109,000",,,,
West Lindsey District Council,88900,"West Lindsey District Council - 89,000",,,,
West Lothian Council,169500,"West Lothian Council - 170,000",,,,
West Oxfordshire,101600,"West Oxfordshire - 102,000",,,,
West Somerset,35500,"West Somerset - 36,000",,,,
West Sussex County Council,781600,"West Sussex County Council - 782,000",,,,
Weymouth and Portland Borough Council,65000,"Weymouth and Portland Borough Council - 65,000",,,,
Wigan Metropolitan Borough,306800,"Wigan Metropolitan Borough - 307,000",,,,
Wiltshire Council,455500,"Wiltshire Council - 456,000",,,,
Winchester City Council,112700,"Winchester City Council - 113,000",,,,
Wirral Metropolitan Borough,309500,"Wirral Metropolitan Borough - 310,000",,,,
Woking Borough Council,92200,"Woking Borough Council - 92,000",,,,
Wokingham Council,159100,"Wokingham Council - 159,000",,,,
Wolverhampton City Council,236400,"Wolverhampton City Council - 236,000",,,,
Worcester City Council,94100,"Worcester City Council - 94,000",,,,
Worcestershire County Council,557600,"Worcestershire County Council - 558,000",,,,
Worthing Borough Council,100200,"Worthing Borough Council - 100,000",,,,
Wrexham County Borough Council,132900,"Wrexham County Borough Council - 133,000",,,,
Wychavon District Council,117300,"Wychavon District Council - 117,000",,,,
Wycombe District Council,161500,"Wycombe District Council - 162,000",,,,
Wyre Borough Council,110900,"Wyre Borough Council - 111,000",,,,
Wyre Forest District Council,98700,"Wyre Forest District Council - 99,000",,,,