address,Value,image_urls,link_urls,tooltip
seoul south korea,1,"http://andrewsullivan.theatlantic.com/.a/6a00d83451c45669e2013480f23628970c-550wi","http://andrewsullivan.theatlantic.com/.a/6a00d83451c45669e2013480f23628970c-550wi",seoul south korea
paia hawaii,1,"http://andrewsullivan.theatlantic.com/.a/6a00d83451c45669e201156f3c694d970c-500wi","http://andrewsullivan.theatlantic.com/.a/6a00d83451c45669e201156f3c694d970c-500wi",paia hawaii
san francisco california,2,"http://andrewsullivan.theatlantic.com/.a/6a00d83451c45669e20120a5bfcf5c970c-500wi,http://andrewsullivan.theatlantic.com/.a/6a00d83451c45669e20120a93ffcb1970b-550wi","http://andrewsullivan.theatlantic.com/.a/6a00d83451c45669e20120a5bfcf5c970c-500wi,http://andrewsullivan.theatlantic.com/.a/6a00d83451c45669e20120a93ffcb1970b-550wi",san francisco california
nairobi kenya,2,"http://andrewsullivan.theatlantic.com/.a/6a00d83451c45669e201156fc57ab0970b-500wi,http://andrewsullivan.theatlantic.com/.a/6a00d83451c45669e20120a64d72e0970b-500wi","http://andrewsullivan.theatlantic.com/.a/6a00d83451c45669e201156fc57ab0970b-500wi,http://andrewsullivan.theatlantic.com/.a/6a00d83451c45669e20120a64d72e0970b-500wi",nairobi kenya
homer alaska,1,"http://andrewsullivan.theatlantic.com/.a/6a00d83451c45669e20133ee696613970b-550wi","http://andrewsullivan.theatlantic.com/.a/6a00d83451c45669e20133ee696613970b-550wi",homer alaska
ellicott city maryland,1,"http://andrewsullivan.theatlantic.com/.a/6a00d83451c45669e2012877761f98970c-500wi","http://andrewsullivan.theatlantic.com/.a/6a00d83451c45669e2012877761f98970c-500wi",ellicott city maryland
san diego california,2,"http://andrewsullivan.theatlantic.com/.a/6a00d83451c45669e20120a91baad4970b-550wi,http://andrewsullivan.theatlantic.com/.a/6a00d83451c45669e20133ed59815f970b-550wi","http://andrewsullivan.theatlantic.com/.a/6a00d83451c45669e20120a91baad4970b-550wi,http://andrewsullivan.theatlantic.com/.a/6a00d83451c45669e20133ed59815f970b-550wi",san diego california
eugene oregon,1,"http://andrewsullivan.theatlantic.com/.a/6a00d83451c45669e201156fa588be970c-500wi","http://andrewsullivan.theatlantic.com/.a/6a00d83451c45669e201156fa588be970c-500wi",eugene oregon
rancho santa margarita california,1,"http://andrewsullivan.theatlantic.com/.a/6a00d83451c45669e20133ecc7c635970b-550wi","http://andrewsullivan.theatlantic.com/.a/6a00d83451c45669e20133ecc7c635970b-550wi",rancho santa margarita california
tehran iran,1,"http://andrewsullivan.theatlantic.com/.a/6a00d83451c45669e20115712dbad9970b-500wi","http://andrewsullivan.theatlantic.com/.a/6a00d83451c45669e20115712dbad9970b-500wi",tehran iran
cork ireland,1,"http://andrewsullivan.theatlantic.com/.a/6a00d83451c45669e20115724ddad5970b-500wi","http://andrewsullivan.theatlantic.com/.a/6a00d83451c45669e20115724ddad5970b-500wi",cork ireland
new york new york,7,"http://andrewsullivan.theatlantic.com/.a/6a00d83451c45669e201156f60f164970c-500wi,http://andrewsullivan.theatlantic.com/.a/6a00d83451c45669e20120a562b57b970b-500wi,http://andrewsullivan.theatlantic.com/.a/6a00d83451c45669e20133ed593107970b-550wi,http://andrewsullivan.theatlantic.com/.a/6a00d83451c45669e20133ed5991a4970b-550wi,http://andrewsullivan.theatlantic.com/.a/6a00d83451c45669e20133f48dee5e970b-550wi,http://andrewsullivan.theatlantic.com/.a/6a00d83451c45669e2013482510a8e970c-550wi,http://andrewsullivan.theatlantic.com/.a/6a00d83451c45669e2013487310407970c-550wi","http://andrewsullivan.theatlantic.com/.a/6a00d83451c45669e201156f60f164970c-500wi,http://andrewsullivan.theatlantic.com/.a/6a00d83451c45669e20120a562b57b970b-500wi,http://andrewsullivan.theatlantic.com/.a/6a00d83451c45669e20133ed593107970b-550wi,http://andrewsullivan.theatlantic.com/.a/6a00d83451c45669e20133ed5991a4970b-550wi,http://andrewsullivan.theatlantic.com/.a/6a00d83451c45669e20133f48dee5e970b-550wi,http://andrewsullivan.theatlantic.com/.a/6a00d83451c45669e2013482510a8e970c-550wi,http://andrewsullivan.theatlantic.com/.a/6a00d83451c45669e2013487310407970c-550wi",new york new york
seattle washington,3,"http://andrewsullivan.theatlantic.com/.a/6a00d83451c45669e20120a50047e5970b-500wi,http://andrewsullivan.theatlantic.com/.a/6a00d83451c45669e201310fa6e825970c-550wi,http://andrewsullivan.theatlantic.com/.a/6a00d83451c45669e201347fe31e75970c-550wi","http://andrewsullivan.theatlantic.com/.a/6a00d83451c45669e20120a50047e5970b-500wi,http://andrewsullivan.theatlantic.com/.a/6a00d83451c45669e201310fa6e825970c-550wi,http://andrewsullivan.theatlantic.com/.a/6a00d83451c45669e201347fe31e75970c-550wi",seattle washington
maputo mozambique,1,"http://andrewsullivan.theatlantic.com/.a/6a00d83451c45669e20133f2945a44970b-550wi","http://andrewsullivan.theatlantic.com/.a/6a00d83451c45669e20133f2945a44970b-550wi",maputo mozambique
bali indonesia,2,"http://andrewsullivan.theatlantic.com/.a/6a00d83451c45669e2013484e3df8c970c-550wi,http://andrewsullivan.theatlantic.com/.a/6a00d83451c45669e20134850af9b2970c-550wi","http://andrewsullivan.theatlantic.com/.a/6a00d83451c45669e2013484e3df8c970c-550wi,http://andrewsullivan.theatlantic.com/.a/6a00d83451c45669e20134850af9b2970c-550wi",bali indonesia
cusco peru,1,"http://andrewsullivan.theatlantic.com/.a/6a00d83451c45669e20133f1173f57970b-550wi","http://andrewsullivan.theatlantic.com/.a/6a00d83451c45669e20133f1173f57970b-550wi",cusco peru
wellington new zealand,1,"http://andrewsullivan.theatlantic.com/.a/6a00d83451c45669e20120a8459a6e970b-500wi","http://andrewsullivan.theatlantic.com/.a/6a00d83451c45669e20120a8459a6e970b-500wi",wellington new zealand
phnom penh cambodia,1,"http://andrewsullivan.theatlantic.com/.a/6a00d83451c45669e20133f4b13109970b-550wi","http://andrewsullivan.theatlantic.com/.a/6a00d83451c45669e20133f4b13109970b-550wi",phnom penh cambodia
positano italy,2,"http://andrewsullivan.theatlantic.com/.a/6a00d83451c45669e201157070eef3970b-500wi,http://andrewsullivan.theatlantic.com/.a/6a00d83451c45669e201348250ff7d970c-550wi","http://andrewsullivan.theatlantic.com/.a/6a00d83451c45669e201157070eef3970b-500wi,http://andrewsullivan.theatlantic.com/.a/6a00d83451c45669e201348250ff7d970c-550wi",positano italy
waterbury vermont,1,"http://andrewsullivan.theatlantic.com/.a/6a00d83451c45669e20120a56933e2970b-500wi","http://andrewsullivan.theatlantic.com/.a/6a00d83451c45669e20120a56933e2970b-500wi",waterbury vermont
toulouse france,1,"http://andrewsullivan.theatlantic.com/.a/6a00d83451c45669e20133f48e640b970b-550wi","http://andrewsullivan.theatlantic.com/.a/6a00d83451c45669e20133f48e640b970b-550wi",toulouse france
bradford england,1,"http://andrewsullivan.theatlantic.com/.a/6a00d83451c45669e201156fb91b20970c-500wi","http://andrewsullivan.theatlantic.com/.a/6a00d83451c45669e201156fb91b20970c-500wi",bradford england
nantucket massachusetts,1,"http://andrewsullivan.theatlantic.com/.a/6a00d83451c45669e20133ecac6311970b-550wi","http://andrewsullivan.theatlantic.com/.a/6a00d83451c45669e20133ecac6311970b-550wi",nantucket massachusetts
gunnison colorado,1,"http://andrewsullivan.theatlantic.com/.a/6a00d83451c45669e20133ed290abc970b-550wi","http://andrewsullivan.theatlantic.com/.a/6a00d83451c45669e20133ed290abc970b-550wi",gunnison colorado
istanbul turkey,1,"http://andrewsullivan.theatlantic.com/.a/6a00d83451c45669e20133ed595348970b-550wi","http://andrewsullivan.theatlantic.com/.a/6a00d83451c45669e20133ed595348970b-550wi",istanbul turkey
molde norway,1,"http://andrewsullivan.theatlantic.com/.a/6a00d83451c45669e20133f1174776970b-550wi","http://andrewsullivan.theatlantic.com/.a/6a00d83451c45669e20133f1174776970b-550wi",molde norway
suva fiji,1,"http://andrewsullivan.theatlantic.com/.a/6a00d83451c45669e20134866652e6970c-550wi","http://andrewsullivan.theatlantic.com/.a/6a00d83451c45669e20134866652e6970c-550wi",suva fiji
kingston oklahoma,1,"http://andrewsullivan.theatlantic.com/.a/6a00d83451c45669e20133efb94ee3970b-550wi","http://andrewsullivan.theatlantic.com/.a/6a00d83451c45669e20133efb94ee3970b-550wi",kingston oklahoma
hills ohio,1,"http://andrewsullivan.theatlantic.com/.a/6a00d83451c45669e201348656c888970c-550wi","http://andrewsullivan.theatlantic.com/.a/6a00d83451c45669e201348656c888970c-550wi",hills ohio
carlisle pennsylvania,1,"http://andrewsullivan.theatlantic.com/.a/6a00d83451c45669e20120a61a39e9970c-500wi","http://andrewsullivan.theatlantic.com/.a/6a00d83451c45669e20120a61a39e9970c-500wi",carlisle pennsylvania
cambridge massachusetts,1,"http://andrewsullivan.theatlantic.com/.a/6a00d83451c45669e201157076059c970b-500wi","http://andrewsullivan.theatlantic.com/.a/6a00d83451c45669e201157076059c970b-500wi",cambridge massachusetts
madisonville kentucky,1,"http://andrewsullivan.theatlantic.com/.a/6a00d83451c45669e20133ec90cdf1970b-550wi","http://andrewsullivan.theatlantic.com/.a/6a00d83451c45669e20133ec90cdf1970b-550wi",madisonville kentucky
xiamen china,1,"http://andrewsullivan.theatlantic.com/.a/6a00d83451c45669e20133ee50698e970b-550wi","http://andrewsullivan.theatlantic.com/.a/6a00d83451c45669e20133ee50698e970b-550wi",xiamen china
clarkdale arizona,1,"http://andrewsullivan.theatlantic.com/.a/6a00d83451c45669e2011570327a95970b-500wi","http://andrewsullivan.theatlantic.com/.a/6a00d83451c45669e2011570327a95970b-500wi",clarkdale arizona
turku finland,1,"http://andrewsullivan.theatlantic.com/.a/6a00d83451c45669e20133ef224afc970b-550wi","http://andrewsullivan.theatlantic.com/.a/6a00d83451c45669e20133ef224afc970b-550wi",turku finland
riverside california,1,"http://andrewsullivan.theatlantic.com/.a/6a00d83451c45669e20133ed595941970b-550wi","http://andrewsullivan.theatlantic.com/.a/6a00d83451c45669e20133ed595941970b-550wi",riverside california
fishers indiana,1,"http://andrewsullivan.theatlantic.com/.a/6a00d83451c45669e2011570a85924970b-500wi","http://andrewsullivan.theatlantic.com/.a/6a00d83451c45669e2011570a85924970b-500wi",fishers indiana
birmingham alabama,1,"http://andrewsullivan.theatlantic.com/.a/6a00d83451c45669e2013484ed68e9970c-550wi","http://andrewsullivan.theatlantic.com/.a/6a00d83451c45669e2013484ed68e9970c-550wi",birmingham alabama
haifa israel,2,"http://andrewsullivan.theatlantic.com/.a/6a00d83451c45669e20133f27fa0b6970b-550wi,http://andrewsullivan.theatlantic.com/.a/6a00d83451c45669e2013482ceb6f1970c-550wi","http://andrewsullivan.theatlantic.com/.a/6a00d83451c45669e20133f27fa0b6970b-550wi,http://andrewsullivan.theatlantic.com/.a/6a00d83451c45669e2013482ceb6f1970c-550wi",haifa israel
duck north carolina,1,"http://andrewsullivan.theatlantic.com/.a/6a00d83451c45669e201348214dd30970c-550wi","http://andrewsullivan.theatlantic.com/.a/6a00d83451c45669e201348214dd30970c-550wi",duck north carolina
wayne ohio,1,"http://andrewsullivan.theatlantic.com/.a/6a00d83451c45669e20115703291da970b-500wi","http://andrewsullivan.theatlantic.com/.a/6a00d83451c45669e20115703291da970b-500wi",wayne ohio
hacienda heights california,1,"http://andrewsullivan.theatlantic.com/.a/6a00d83451c45669e20120a5693bb2970b-500wi","http://andrewsullivan.theatlantic.com/.a/6a00d83451c45669e20120a5693bb2970b-500wi",hacienda heights california
boulder colorado,1,"http://andrewsullivan.theatlantic.com/.a/6a00d83451c45669e20134863c9287970c-550wi","http://andrewsullivan.theatlantic.com/.a/6a00d83451c45669e20134863c9287970c-550wi",boulder colorado
tunis tunisia,1,"http://andrewsullivan.theatlantic.com/.a/6a00d83451c45669e201156fcba5c3970c-500wi","http://andrewsullivan.theatlantic.com/.a/6a00d83451c45669e201156fcba5c3970c-500wi",tunis tunisia
san jose costa rica,1,"http://andrewsullivan.theatlantic.com/.a/6a00d83451c45669e20120a6b3f78b970b-500wi","http://andrewsullivan.theatlantic.com/.a/6a00d83451c45669e20120a6b3f78b970b-500wi",san jose costa rica
canandaigua new york,1,"http://andrewsullivan.theatlantic.com/.a/6a00d83451c45669e201156fc54854970b-500wi","http://andrewsullivan.theatlantic.com/.a/6a00d83451c45669e201156fc54854970b-500wi",canandaigua new york
calama chile,1,"http://andrewsullivan.theatlantic.com/.a/6a00d83451c45669e2013485b863fd970c-550wi","http://andrewsullivan.theatlantic.com/.a/6a00d83451c45669e2013485b863fd970c-550wi",calama chile
mckenzie tennessee,1,"http://andrewsullivan.theatlantic.com/.a/6a00d83451c45669e20115707f6558970b-500wi","http://andrewsullivan.theatlantic.com/.a/6a00d83451c45669e20115707f6558970b-500wi",mckenzie tennessee
cape maclear malawi,1,"http://andrewsullivan.theatlantic.com/.a/6a00d83451c45669e20133eca31e08970b-550wi","http://andrewsullivan.theatlantic.com/.a/6a00d83451c45669e20133eca31e08970b-550wi",cape maclear malawi
butte montana,1,"http://andrewsullivan.theatlantic.com/.a/6a00d83451c45669e20133ec59c6df970b-550wi","http://andrewsullivan.theatlantic.com/.a/6a00d83451c45669e20133ec59c6df970b-550wi",butte montana
panjim india,2,"http://andrewsullivan.theatlantic.com/.a/6a00d83451c45669e20120a5bfd340970c-500wi,http://andrewsullivan.theatlantic.com/.a/6a00d83451c45669e2013486a6cfe4970c-550wi","http://andrewsullivan.theatlantic.com/.a/6a00d83451c45669e20120a5bfd340970c-500wi,http://andrewsullivan.theatlantic.com/.a/6a00d83451c45669e2013486a6cfe4970c-550wi",panjim india
massa martana italy,1,"http://andrewsullivan.theatlantic.com/.a/6a00d83451c45669e2013485b85607970c-550wi","http://andrewsullivan.theatlantic.com/.a/6a00d83451c45669e2013485b85607970c-550wi",massa martana italy
crete illinois,1,"http://andrewsullivan.theatlantic.com/.a/6a00d83451c45669e2011570ae4b73970b-500wi","http://andrewsullivan.theatlantic.com/.a/6a00d83451c45669e2011570ae4b73970b-500wi",crete illinois
nowshera pakistan,1,"http://andrewsullivan.theatlantic.com/.a/6a00d83451c45669e20120a93ff981970b-550wi","http://andrewsullivan.theatlantic.com/.a/6a00d83451c45669e20120a93ff981970b-550wi",nowshera pakistan
wickford rhode island,1,"http://andrewsullivan.theatlantic.com/.a/6a00d83451c45669e20133f4102f1b970b-550wi","http://andrewsullivan.theatlantic.com/.a/6a00d83451c45669e20133f4102f1b970b-550wi",wickford rhode island
riviera beach florida,1,"http://andrewsullivan.theatlantic.com/.a/6a00d83451c45669e20133f1174ca5970b-550wi","http://andrewsullivan.theatlantic.com/.a/6a00d83451c45669e20133f1174ca5970b-550wi",riviera beach florida
sedona arizona,1,"http://andrewsullivan.theatlantic.com/.a/6a00d83451c45669e20133f259cf0d970b-550wi","http://andrewsullivan.theatlantic.com/.a/6a00d83451c45669e20133f259cf0d970b-550wi",sedona arizona
dayton ohio,1,"http://andrewsullivan.theatlantic.com/.a/6a00d83451c45669e20133f220da04970b-550wi","http://andrewsullivan.theatlantic.com/.a/6a00d83451c45669e20133f220da04970b-550wi",dayton ohio
fort lauderdale florida,1,"http://andrewsullivan.theatlantic.com/.a/6a00d83451c45669e201156f6126c1970c-500wi","http://andrewsullivan.theatlantic.com/.a/6a00d83451c45669e201156f6126c1970c-500wi",fort lauderdale florida
churchville virginia,1,"http://andrewsullivan.theatlantic.com/.a/6a00d83451c45669e2013486664e10970c-550wi","http://andrewsullivan.theatlantic.com/.a/6a00d83451c45669e2013486664e10970c-550wi",churchville virginia
tucson arizona,1,"http://andrewsullivan.theatlantic.com/.a/6a00d83451c45669e20133f428e143970b-550wi","http://andrewsullivan.theatlantic.com/.a/6a00d83451c45669e20133f428e143970b-550wi",tucson arizona
brisbane australia,1,"http://andrewsullivan.theatlantic.com/.a/6a00d83451c45669e201156f3bcc37970c-500wi","http://andrewsullivan.theatlantic.com/.a/6a00d83451c45669e201156f3bcc37970c-500wi",brisbane australia
pittsburgh pennsylvania,1,"http://andrewsullivan.theatlantic.com/.a/6a00d83451c45669e20133f2942241970b-550wi","http://andrewsullivan.theatlantic.com/.a/6a00d83451c45669e20133f2942241970b-550wi",pittsburgh pennsylvania
hongnong south korea,1,"http://andrewsullivan.theatlantic.com/.a/6a00d83451c45669e20133f3420a85970b-550wi","http://andrewsullivan.theatlantic.com/.a/6a00d83451c45669e20133f3420a85970b-550wi",hongnong south korea
stuttgart germany,1,"http://andrewsullivan.theatlantic.com/.a/6a00d83451c45669e20128755ff2e0970c-500wi","http://andrewsullivan.theatlantic.com/.a/6a00d83451c45669e20128755ff2e0970c-500wi",stuttgart germany
butuan philippines,1,"http://andrewsullivan.theatlantic.com/.a/6a00d83451c45669e201157032832d970b-500wi","http://andrewsullivan.theatlantic.com/.a/6a00d83451c45669e201157032832d970b-500wi",butuan philippines
galway ireland,1,"http://andrewsullivan.theatlantic.com/.a/6a00d83451c45669e20133f1e57d25970b-550wi","http://andrewsullivan.theatlantic.com/.a/6a00d83451c45669e20133f1e57d25970b-550wi",galway ireland
ventenac france,1,"http://andrewsullivan.theatlantic.com/.a/6a00d83451c45669e20133f213e5f0970b-550wi","http://andrewsullivan.theatlantic.com/.a/6a00d83451c45669e20133f213e5f0970b-550wi",ventenac france
fairlee vermont,1,"http://andrewsullivan.theatlantic.com/.a/6a00d83451c45669e201156f07dea0970c-500wi","http://andrewsullivan.theatlantic.com/.a/6a00d83451c45669e201156f07dea0970c-500wi",fairlee vermont
fayetteville arkansas,1,"http://andrewsullivan.theatlantic.com/.a/6a00d83451c45669e201347ff7f37d970c-550wi","http://andrewsullivan.theatlantic.com/.a/6a00d83451c45669e201347ff7f37d970c-550wi",fayetteville arkansas
new orleans louisiana,1,"http://andrewsullivan.theatlantic.com/.a/6a00d83451c45669e2013486a6d519970c-550wi","http://andrewsullivan.theatlantic.com/.a/6a00d83451c45669e2013486a6d519970c-550wi",new orleans louisiana
sydney australia,1,"http://andrewsullivan.theatlantic.com/.a/6a00d83451c45669e20133ed15be0e970b-550wi","http://andrewsullivan.theatlantic.com/.a/6a00d83451c45669e20133ed15be0e970b-550wi",sydney australia
christchurch new zealand,1,"http://andrewsullivan.theatlantic.com/.a/6a00d83451c45669e20134857ee75c970c-550wi","http://andrewsullivan.theatlantic.com/.a/6a00d83451c45669e20134857ee75c970c-550wi",christchurch new zealand
olympia washington,1,"http://andrewsullivan.theatlantic.com/.a/6a00d83451c45669e2011571c8c62d970b-500wi","http://andrewsullivan.theatlantic.com/.a/6a00d83451c45669e2011571c8c62d970b-500wi",olympia washington
salvador brazil,1,"http://andrewsullivan.theatlantic.com/.a/6a00d83451c45669e20134864cb87e970c-550wi","http://andrewsullivan.theatlantic.com/.a/6a00d83451c45669e20134864cb87e970c-550wi",salvador brazil
paulo brazil,1,"http://andrewsullivan.theatlantic.com/.a/6a00d83451c45669e20133f08b35c8970b-550wi","http://andrewsullivan.theatlantic.com/.a/6a00d83451c45669e20133f08b35c8970b-550wi",paulo brazil
berlin germany,2,"http://andrewsullivan.theatlantic.com/.a/6a00d83451c45669e20120a845a9dc970b-500wi,http://andrewsullivan.theatlantic.com/.a/6a00d83451c45669e2013482510660970c-550wi","http://andrewsullivan.theatlantic.com/.a/6a00d83451c45669e20120a845a9dc970b-500wi,http://andrewsullivan.theatlantic.com/.a/6a00d83451c45669e2013482510660970c-550wi",berlin germany
phuket thailand,1,"http://andrewsullivan.theatlantic.com/.a/6a00d83451c45669e20120a64d4788970b-500wi","http://andrewsullivan.theatlantic.com/.a/6a00d83451c45669e20120a64d4788970b-500wi",phuket thailand
krakow poland,1,"http://andrewsullivan.theatlantic.com/.a/6a00d83451c45669e20134865c6609970c-550wi","http://andrewsullivan.theatlantic.com/.a/6a00d83451c45669e20134865c6609970c-550wi",krakow poland
oxford mississippi,1,"http://andrewsullivan.theatlantic.com/.a/6a00d83451c45669e201156ecdf00c970c-500wi","http://andrewsullivan.theatlantic.com/.a/6a00d83451c45669e201156ecdf00c970c-500wi",oxford mississippi
kilcar ireland,1,"http://andrewsullivan.theatlantic.com/.a/6a00d83451c45669e20134808d7e55970c-550wi","http://andrewsullivan.theatlantic.com/.a/6a00d83451c45669e20134808d7e55970c-550wi",kilcar ireland
newport oregon,1,"http://andrewsullivan.theatlantic.com/.a/6a00d83451c45669e20134808d3117970c-550wi","http://andrewsullivan.theatlantic.com/.a/6a00d83451c45669e20134808d3117970c-550wi",newport oregon
dupont circle district of columbia,1,"http://andrewsullivan.theatlantic.com/.a/6a00d83451c45669e201156fc564dc970b-500wi","http://andrewsullivan.theatlantic.com/.a/6a00d83451c45669e201156fc564dc970b-500wi",dupont circle district of columbia
crescent washington,1,"http://andrewsullivan.theatlantic.com/.a/6a00d83451c45669e20133f29462d7970b-550wi","http://andrewsullivan.theatlantic.com/.a/6a00d83451c45669e20133f29462d7970b-550wi",crescent washington
hayden colorado,1,"http://andrewsullivan.theatlantic.com/.a/6a00d83451c45669e20133f3832c0a970b-550wi","http://andrewsullivan.theatlantic.com/.a/6a00d83451c45669e20133f3832c0a970b-550wi",hayden colorado
amsterdam netherlands,1,"http://andrewsullivan.theatlantic.com/.a/6a00d83451c45669e2013485141e4e970c-550wi","http://andrewsullivan.theatlantic.com/.a/6a00d83451c45669e2013485141e4e970c-550wi",amsterdam netherlands
nashville tennessee,1,"http://andrewsullivan.theatlantic.com/.a/6a00d83451c45669e2011570ae564f970b-500wi","http://andrewsullivan.theatlantic.com/.a/6a00d83451c45669e2011570ae564f970b-500wi",nashville tennessee
bethel alaska,1,"http://andrewsullivan.theatlantic.com/.a/6a00d83451c45669e20133efb95430970b-550wi","http://andrewsullivan.theatlantic.com/.a/6a00d83451c45669e20133efb95430970b-550wi",bethel alaska
dallas texas,3,"http://andrewsullivan.theatlantic.com/.a/6a00d83451c45669e20120a967dabd970b-550wi,http://andrewsullivan.theatlantic.com/.a/6a00d83451c45669e20133ed282138970b-550wi,http://andrewsullivan.theatlantic.com/.a/6a00d83451c45669e20134850b0864970c-550wi","http://andrewsullivan.theatlantic.com/.a/6a00d83451c45669e20120a967dabd970b-550wi,http://andrewsullivan.theatlantic.com/.a/6a00d83451c45669e20133ed282138970b-550wi,http://andrewsullivan.theatlantic.com/.a/6a00d83451c45669e20134850b0864970c-550wi",dallas texas
union ohio,1,"http://andrewsullivan.theatlantic.com/.a/6a00d83451c45669e2013484e078c6970c-550wi","http://andrewsullivan.theatlantic.com/.a/6a00d83451c45669e2013484e078c6970c-550wi",union ohio
huffs church pennsylvania,1,"http://andrewsullivan.theatlantic.com/.a/6a00d83451c45669e20120a6a2ee40970c-500wi","http://andrewsullivan.theatlantic.com/.a/6a00d83451c45669e20120a6a2ee40970c-500wi",huffs church pennsylvania
towson maryland,1,"http://andrewsullivan.theatlantic.com/.a/6a00d83451c45669e20134858c6a24970c-550wi","http://andrewsullivan.theatlantic.com/.a/6a00d83451c45669e20134858c6a24970c-550wi",towson maryland
portland oregon,2,"http://andrewsullivan.theatlantic.com/.a/6a00d83451c45669e201156f3c100a970c-500wi,http://andrewsullivan.theatlantic.com/.a/6a00d83451c45669e20120a8d1c54d970b-500wi","http://andrewsullivan.theatlantic.com/.a/6a00d83451c45669e201156f3c100a970c-500wi,http://andrewsullivan.theatlantic.com/.a/6a00d83451c45669e20120a8d1c54d970b-500wi",portland oregon
kyoto japan,1,"http://andrewsullivan.theatlantic.com/.a/6a00d83451c45669e201156fa58d0d970c-500wi","http://andrewsullivan.theatlantic.com/.a/6a00d83451c45669e201156fa58d0d970c-500wi",kyoto japan
madison wisconsin,1,"http://andrewsullivan.theatlantic.com/.a/6a00d83451c45669e20133ec8d0173970b-550wi","http://andrewsullivan.theatlantic.com/.a/6a00d83451c45669e20133ec8d0173970b-550wi",madison wisconsin
taipei taiwan,1,"http://andrewsullivan.theatlantic.com/.a/6a00d83451c45669e20120a9565af0970b-550wi","http://andrewsullivan.theatlantic.com/.a/6a00d83451c45669e20120a9565af0970b-550wi",taipei taiwan
jacksonville florida,1,"http://andrewsullivan.theatlantic.com/.a/6a00d83451c45669e20133f2670766970b-550wi","http://andrewsullivan.theatlantic.com/.a/6a00d83451c45669e20133f2670766970b-550wi",jacksonville florida
doha qatar,1,"http://andrewsullivan.theatlantic.com/.a/6a00d83451c45669e20133f26705a6970b-550wi","http://andrewsullivan.theatlantic.com/.a/6a00d83451c45669e20133f26705a6970b-550wi",doha qatar
tinamaste costa rica,1,"http://andrewsullivan.theatlantic.com/.a/6a00d83451c45669e201156ece1b60970c-500wi","http://andrewsullivan.theatlantic.com/.a/6a00d83451c45669e201156ece1b60970c-500wi",tinamaste costa rica
fayetteville north carolina,1,"http://andrewsullivan.theatlantic.com/.a/6a00d83451c45669e20128773ddbcd970c-500wi","http://andrewsullivan.theatlantic.com/.a/6a00d83451c45669e20128773ddbcd970c-500wi",fayetteville north carolina
split croatia,1,"http://andrewsullivan.theatlantic.com/.a/6a00d83451c45669e20120a5a33c29970b-500wi","http://andrewsullivan.theatlantic.com/.a/6a00d83451c45669e20120a5a33c29970b-500wi",split croatia
juneau alaska,1,"http://andrewsullivan.theatlantic.com/.a/6a00d83451c45669e201157155d18c970b-500wi","http://andrewsullivan.theatlantic.com/.a/6a00d83451c45669e201157155d18c970b-500wi",juneau alaska
piermont new york,1,"http://andrewsullivan.theatlantic.com/.a/6a00d83451c45669e201347fb17365970c-550wi","http://andrewsullivan.theatlantic.com/.a/6a00d83451c45669e201347fb17365970c-550wi",piermont new york
edinburgh indiana,1,"http://andrewsullivan.theatlantic.com/.a/6a00d83451c45669e2013487999e29970c-550wi","http://andrewsullivan.theatlantic.com/.a/6a00d83451c45669e2013487999e29970c-550wi",edinburgh indiana
moscow russia,1,"http://andrewsullivan.theatlantic.com/.a/6a00d83451c45669e20133f3296599970b-550wi","http://andrewsullivan.theatlantic.com/.a/6a00d83451c45669e20133f3296599970b-550wi",moscow russia
barcelona spain,1,"http://andrewsullivan.theatlantic.com/.a/6a00d83451c45669e201310f7c8e20970c-550wi","http://andrewsullivan.theatlantic.com/.a/6a00d83451c45669e201310f7c8e20970c-550wi",barcelona spain
yokosuka japan,1,"http://andrewsullivan.theatlantic.com/.a/6a00d83451c45669e201157076088a970b-500wi","http://andrewsullivan.theatlantic.com/.a/6a00d83451c45669e201157076088a970b-500wi",yokosuka japan
cong ireland,1,"http://andrewsullivan.theatlantic.com/.a/6a00d83451c45669e20133f4102c31970b-550wi","http://andrewsullivan.theatlantic.com/.a/6a00d83451c45669e20133f4102c31970b-550wi",cong ireland
eisenach germany,2,"http://andrewsullivan.theatlantic.com/.a/6a00d83451c45669e201156ffed9bd970c-500wi,http://andrewsullivan.theatlantic.com/.a/6a00d83451c45669e20115707f68c6970b-500wi","http://andrewsullivan.theatlantic.com/.a/6a00d83451c45669e201156ffed9bd970c-500wi,http://andrewsullivan.theatlantic.com/.a/6a00d83451c45669e20115707f68c6970b-500wi",eisenach germany
ames iowa,1,"http://andrewsullivan.theatlantic.com/.a/6a00d83451c45669e20120a6a2bcd1970c-500wi","http://andrewsullivan.theatlantic.com/.a/6a00d83451c45669e20120a6a2bcd1970c-500wi",ames iowa
detroit michigan,2,"http://andrewsullivan.theatlantic.com/.a/6a00d83451c45669e20133f3420dd4970b-550wi,http://andrewsullivan.theatlantic.com/.a/6a00d83451c45669e2013484edc94e970c-550wi","http://andrewsullivan.theatlantic.com/.a/6a00d83451c45669e20133f3420dd4970b-550wi,http://andrewsullivan.theatlantic.com/.a/6a00d83451c45669e2013484edc94e970c-550wi",detroit michigan
auckland new zealand,2,"http://andrewsullivan.theatlantic.com/.a/6a00d83451c45669e20115707f73f5970b-500wi,http://andrewsullivan.theatlantic.com/.a/6a00d83451c45669e2011570ed78ad970b-500wi","http://andrewsullivan.theatlantic.com/.a/6a00d83451c45669e20115707f73f5970b-500wi,http://andrewsullivan.theatlantic.com/.a/6a00d83451c45669e2011570ed78ad970b-500wi",auckland new zealand
queretaro mexico,1,"http://andrewsullivan.theatlantic.com/.a/6a00d83451c45669e20115715b769d970b-500wi","http://andrewsullivan.theatlantic.com/.a/6a00d83451c45669e20115715b769d970b-500wi",queretaro mexico
pasadena california,1,"http://andrewsullivan.theatlantic.com/.a/6a00d83451c45669e20134875c09f2970c-550wi","http://andrewsullivan.theatlantic.com/.a/6a00d83451c45669e20134875c09f2970c-550wi",pasadena california
siasconset massachusetts,1,"http://andrewsullivan.theatlantic.com/.a/6a00d83451c45669e20120a598014b970c-500wi","http://andrewsullivan.theatlantic.com/.a/6a00d83451c45669e20120a598014b970c-500wi",siasconset massachusetts
bourg bruche france,1,"http://andrewsullivan.theatlantic.com/.a/6a00d83451c45669e20133f294580f970b-550wi","http://andrewsullivan.theatlantic.com/.a/6a00d83451c45669e20133f294580f970b-550wi",bourg bruche france
brookline massachusetts,1,"http://andrewsullivan.theatlantic.com/.a/6a00d83451c45669e20120a6a0c5ff970c-500wi","http://andrewsullivan.theatlantic.com/.a/6a00d83451c45669e20120a6a0c5ff970c-500wi",brookline massachusetts
west wardsboro vermont,1,"http://andrewsullivan.theatlantic.com/.a/6a00d83451c45669e201310fbd30f7970c-550wi","http://andrewsullivan.theatlantic.com/.a/6a00d83451c45669e201310fbd30f7970c-550wi",west wardsboro vermont
koprivshtitsa bulgaria,1,"http://andrewsullivan.theatlantic.com/.a/6a00d83451c45669e20134856328d6970c-550wi","http://andrewsullivan.theatlantic.com/.a/6a00d83451c45669e20134856328d6970c-550wi",koprivshtitsa bulgaria
beijing china,1,"http://andrewsullivan.theatlantic.com/.a/6a00d83451c45669e201156fc59b59970b-500wi","http://andrewsullivan.theatlantic.com/.a/6a00d83451c45669e201156fc59b59970b-500wi",beijing china
orlando florida,1,"http://andrewsullivan.theatlantic.com/.a/6a00d83451c45669e20120a515783b970b-500wi","http://andrewsullivan.theatlantic.com/.a/6a00d83451c45669e20120a515783b970b-500wi",orlando florida
austin texas,3,"http://andrewsullivan.theatlantic.com/.a/6a00d83451c45669e201156f3bf5c6970c-500wi,http://andrewsullivan.theatlantic.com/.a/6a00d83451c45669e201156fc5851f970b-500wi,http://andrewsullivan.theatlantic.com/.a/6a00d83451c45669e2013484416a3e970c-550wi","http://andrewsullivan.theatlantic.com/.a/6a00d83451c45669e201156f3bf5c6970c-500wi,http://andrewsullivan.theatlantic.com/.a/6a00d83451c45669e201156fc5851f970b-500wi,http://andrewsullivan.theatlantic.com/.a/6a00d83451c45669e2013484416a3e970c-550wi",austin texas
isola italy,1,"http://andrewsullivan.theatlantic.com/.a/6a00d83451c45669e20134862c8367970c-550wi","http://andrewsullivan.theatlantic.com/.a/6a00d83451c45669e20134862c8367970c-550wi",isola italy
antioch california,1,"http://andrewsullivan.theatlantic.com/.a/6a00d83451c45669e201156f3b90fb970c-500wi","http://andrewsullivan.theatlantic.com/.a/6a00d83451c45669e201156f3b90fb970c-500wi",antioch california
anchorage alaska,1,"http://andrewsullivan.theatlantic.com/.a/6a00d83451c45669e20134857ef965970c-550wi","http://andrewsullivan.theatlantic.com/.a/6a00d83451c45669e20134857ef965970c-550wi",anchorage alaska
indianapolis indiana,1,"http://andrewsullivan.theatlantic.com/.a/6a00d83451c45669e201156f89a2eb970c-500wi","http://andrewsullivan.theatlantic.com/.a/6a00d83451c45669e201156f89a2eb970c-500wi",indianapolis indiana
clifden ireland,1,"http://andrewsullivan.theatlantic.com/.a/6a00d83451c45669e20134853c4d87970c-550wi","http://andrewsullivan.theatlantic.com/.a/6a00d83451c45669e20134853c4d87970c-550wi",clifden ireland
tokyo japan,3,"http://andrewsullivan.theatlantic.com/.a/6a00d83451c45669e2011571d57fd0970b-500wi,http://andrewsullivan.theatlantic.com/.a/6a00d83451c45669e20120a93ffd86970b-550wi,http://andrewsullivan.theatlantic.com/.a/6a00d83451c45669e20133ecc7cd58970b-550wi","http://andrewsullivan.theatlantic.com/.a/6a00d83451c45669e2011571d57fd0970b-500wi,http://andrewsullivan.theatlantic.com/.a/6a00d83451c45669e20120a93ffd86970b-550wi,http://andrewsullivan.theatlantic.com/.a/6a00d83451c45669e20133ecc7cd58970b-550wi",tokyo japan
gyeongju south korea,1,"http://andrewsullivan.theatlantic.com/.a/6a00d83451c45669e2011570c0de90970b-500wi","http://andrewsullivan.theatlantic.com/.a/6a00d83451c45669e2011570c0de90970b-500wi",gyeongju south korea
athens greece,1,"http://andrewsullivan.theatlantic.com/.a/6a00d83451c45669e201156f3c17f8970c-500wi","http://andrewsullivan.theatlantic.com/.a/6a00d83451c45669e201156f3c17f8970c-500wi",athens greece
lahore pakistan,1,"http://andrewsullivan.theatlantic.com/.a/6a00d83451c45669e20115707f7116970b-500wi","http://andrewsullivan.theatlantic.com/.a/6a00d83451c45669e20115707f7116970b-500wi",lahore pakistan
bamiyan afghanistan,1,"http://andrewsullivan.theatlantic.com/.a/6a00d83451c45669e2013485634f49970c-550wi","http://andrewsullivan.theatlantic.com/.a/6a00d83451c45669e2013485634f49970c-550wi",bamiyan afghanistan
kampala uganda,1,"http://andrewsullivan.theatlantic.com/.a/6a00d83451c45669e201156fa58ef3970c-500wi","http://andrewsullivan.theatlantic.com/.a/6a00d83451c45669e201156fa58ef3970c-500wi",kampala uganda
pondicherry india,1,"http://andrewsullivan.theatlantic.com/.a/6a00d83451c45669e201310f6d6c4e970c-550wi","http://andrewsullivan.theatlantic.com/.a/6a00d83451c45669e201310f6d6c4e970c-550wi",pondicherry india
las vegas nevada,1,"http://andrewsullivan.theatlantic.com/.a/6a00d83451c45669e20115709ade2b970b-500wi","http://andrewsullivan.theatlantic.com/.a/6a00d83451c45669e20115709ade2b970b-500wi",las vegas nevada
pingdong china,1,"http://andrewsullivan.theatlantic.com/.a/6a00d83451c45669e201310fa6e9be970c-550wi","http://andrewsullivan.theatlantic.com/.a/6a00d83451c45669e201310fa6e9be970c-550wi",pingdong china
wauwatosa wisconsin,1,"http://andrewsullivan.theatlantic.com/.a/6a00d83451c45669e2011570578d80970b-500wi","http://andrewsullivan.theatlantic.com/.a/6a00d83451c45669e2011570578d80970b-500wi",wauwatosa wisconsin
bahia brazil,1,"http://andrewsullivan.theatlantic.com/.a/6a00d83451c45669e20120a971f79b970b-550wi","http://andrewsullivan.theatlantic.com/.a/6a00d83451c45669e20120a971f79b970b-550wi",bahia brazil
chagrin falls ohio,1,"http://andrewsullivan.theatlantic.com/.a/6a00d83451c45669e20120a5693a11970b-500wi","http://andrewsullivan.theatlantic.com/.a/6a00d83451c45669e20120a5693a11970b-500wi",chagrin falls ohio
henderson kentucky,1,"http://andrewsullivan.theatlantic.com/.a/6a00d83451c45669e201348627f847970c-550wi","http://andrewsullivan.theatlantic.com/.a/6a00d83451c45669e201348627f847970c-550wi",henderson kentucky
santiago chile,1,"http://andrewsullivan.theatlantic.com/.a/6a00d83451c45669e20133ec8a4d81970b-550wi","http://andrewsullivan.theatlantic.com/.a/6a00d83451c45669e20133ec8a4d81970b-550wi",santiago chile
shrewsbury england,1,"http://andrewsullivan.theatlantic.com/.a/6a00d83451c45669e201156f3c045b970c-500wi","http://andrewsullivan.theatlantic.com/.a/6a00d83451c45669e201156f3c045b970c-500wi",shrewsbury england
corvallis montana,1,"http://andrewsullivan.theatlantic.com/.a/6a00d83451c45669e20120a8d1c170970b-500wi","http://andrewsullivan.theatlantic.com/.a/6a00d83451c45669e20120a8d1c170970b-500wi",corvallis montana
navarre florida,1,"http://andrewsullivan.theatlantic.com/.a/6a00d83451c45669e20133f324a37d970b-550wi","http://andrewsullivan.theatlantic.com/.a/6a00d83451c45669e20133f324a37d970b-550wi",navarre florida
ivins utah,2,"http://andrewsullivan.theatlantic.com/.a/6a00d83451c45669e20120a8459d41970b-500wi,http://andrewsullivan.theatlantic.com/.a/6a00d83451c45669e201310fd8e2ed970c-550wi","http://andrewsullivan.theatlantic.com/.a/6a00d83451c45669e20120a8459d41970b-500wi,http://andrewsullivan.theatlantic.com/.a/6a00d83451c45669e201310fd8e2ed970c-550wi",ivins utah
in iran,1,"http://andrewsullivan.theatlantic.com/.a/6a00d83451c45669e201156fecf1a6970c-500wi","http://andrewsullivan.theatlantic.com/.a/6a00d83451c45669e201156fecf1a6970c-500wi",in iran
oxford ohio,1,"http://andrewsullivan.theatlantic.com/.a/6a00d83451c45669e2011570f3bc24970b-500wi","http://andrewsullivan.theatlantic.com/.a/6a00d83451c45669e2011570f3bc24970b-500wi",oxford ohio
montreal canada,1,"http://andrewsullivan.theatlantic.com/.a/6a00d83451c45669e2013486666a74970c-550wi","http://andrewsullivan.theatlantic.com/.a/6a00d83451c45669e2013486666a74970c-550wi",montreal canada
copenhagen denmark,1,"http://andrewsullivan.theatlantic.com/.a/6a00d83451c45669e201156ece1452970c-500wi","http://andrewsullivan.theatlantic.com/.a/6a00d83451c45669e201156ece1452970c-500wi",copenhagen denmark
parsons kansas,1,"http://andrewsullivan.theatlantic.com/.a/6a00d83451c45669e201156fcba63c970c-500wi","http://andrewsullivan.theatlantic.com/.a/6a00d83451c45669e201156fcba63c970c-500wi",parsons kansas
torshavn faroe islands,1,"http://andrewsullivan.theatlantic.com/.a/6a00d83451c45669e20120a971e72e970b-550wi","http://andrewsullivan.theatlantic.com/.a/6a00d83451c45669e20120a971e72e970b-550wi",torshavn faroe islands
toronto canada,1,"http://andrewsullivan.theatlantic.com/.a/6a00d83451c45669e201287676c865970c-500wi","http://andrewsullivan.theatlantic.com/.a/6a00d83451c45669e201287676c865970c-500wi",toronto canada
billings montana,1,"http://andrewsullivan.theatlantic.com/.a/6a00d83451c45669e20134808c78dc970c-550wi","http://andrewsullivan.theatlantic.com/.a/6a00d83451c45669e20134808c78dc970c-550wi",billings montana
elland england,1,"http://andrewsullivan.theatlantic.com/.a/6a00d83451c45669e20134866666c6970c-550wi","http://andrewsullivan.theatlantic.com/.a/6a00d83451c45669e20134866666c6970c-550wi",elland england
jerusalem israel,1,"http://andrewsullivan.theatlantic.com/.a/6a00d83451c45669e20115709ada7e970b-500wi","http://andrewsullivan.theatlantic.com/.a/6a00d83451c45669e20115709ada7e970b-500wi",jerusalem israel
summit missouri,1,"http://andrewsullivan.theatlantic.com/.a/6a00d83451c45669e20133f220a363970b-550wi","http://andrewsullivan.theatlantic.com/.a/6a00d83451c45669e20133f220a363970b-550wi",summit missouri
river falls wisconsin,1,"http://andrewsullivan.theatlantic.com/.a/6a00d83451c45669e20133f08b2ed6970b-550wi","http://andrewsullivan.theatlantic.com/.a/6a00d83451c45669e20133f08b2ed6970b-550wi",river falls wisconsin
mount pleasant south carolina,1,"http://andrewsullivan.theatlantic.com/.a/6a00d83451c45669e20133ecc7cc41970b-550wi","http://andrewsullivan.theatlantic.com/.a/6a00d83451c45669e20133ecc7cc41970b-550wi",mount pleasant south carolina
goshen virginia,1,"http://andrewsullivan.theatlantic.com/.a/6a00d83451c45669e20133f3ea9608970b-550wi","http://andrewsullivan.theatlantic.com/.a/6a00d83451c45669e20133f3ea9608970b-550wi",goshen virginia
fulton new york,1,"http://andrewsullivan.theatlantic.com/.a/6a00d83451c45669e20120a65f12ce970b-500wi","http://andrewsullivan.theatlantic.com/.a/6a00d83451c45669e20120a65f12ce970b-500wi",fulton new york
firenze italy,1,"http://andrewsullivan.theatlantic.com/.a/6a00d83451c45669e2012877a0e06a970c-500wi","http://andrewsullivan.theatlantic.com/.a/6a00d83451c45669e2012877a0e06a970c-500wi",firenze italy
chisinau moldova,1,"http://andrewsullivan.theatlantic.com/.a/6a00d83451c45669e20120a923518f970b-550wi","http://andrewsullivan.theatlantic.com/.a/6a00d83451c45669e20120a923518f970b-550wi",chisinau moldova
readfield maine,1,"http://andrewsullivan.theatlantic.com/.a/6a00d83451c45669e20120a5cbe7e7970b-500wi","http://andrewsullivan.theatlantic.com/.a/6a00d83451c45669e20120a5cbe7e7970b-500wi",readfield maine
paris france,1,"http://andrewsullivan.theatlantic.com/.a/6a00d83451c45669e20133efb94d1e970b-550wi","http://andrewsullivan.theatlantic.com/.a/6a00d83451c45669e20133efb94d1e970b-550wi",paris france
oriental north carolina,1,"http://andrewsullivan.theatlantic.com/.a/6a00d83451c45669e20134858c7237970c-550wi","http://andrewsullivan.theatlantic.com/.a/6a00d83451c45669e20134858c7237970c-550wi",oriental north carolina
clonakilty ireland,1,"http://andrewsullivan.theatlantic.com/.a/6a00d83451c45669e201156f3bea76970c-500wi","http://andrewsullivan.theatlantic.com/.a/6a00d83451c45669e201156f3bea76970c-500wi",clonakilty ireland
panama city panama,2,"http://andrewsullivan.theatlantic.com/.a/6a00d83451c45669e20120a971fc0f970b-550wi,http://andrewsullivan.theatlantic.com/.a/6a00d83451c45669e20133f117393f970b-550wi","http://andrewsullivan.theatlantic.com/.a/6a00d83451c45669e20120a971fc0f970b-550wi,http://andrewsullivan.theatlantic.com/.a/6a00d83451c45669e20133f117393f970b-550wi",panama city panama
southport connecticut,1,"http://andrewsullivan.theatlantic.com/.a/6a00d83451c45669e20133f3fde68e970b-550wi","http://andrewsullivan.theatlantic.com/.a/6a00d83451c45669e20133f3fde68e970b-550wi",southport connecticut
port macquarie australia,1,"http://andrewsullivan.theatlantic.com/.a/6a00d83451c45669e20120a5348d8f970c-500wi","http://andrewsullivan.theatlantic.com/.a/6a00d83451c45669e20120a5348d8f970c-500wi",port macquarie australia
dubai united arab emirates,1,"http://andrewsullivan.theatlantic.com/.a/6a00d83451c45669e2013486a6cbc7970c-550wi","http://andrewsullivan.theatlantic.com/.a/6a00d83451c45669e2013486a6cbc7970c-550wi",dubai united arab emirates
buenos aires argentina,1,"http://andrewsullivan.theatlantic.com/.a/6a00d83451c45669e20133f431622d970b-550wi","http://andrewsullivan.theatlantic.com/.a/6a00d83451c45669e20133f431622d970b-550wi",buenos aires argentina
san luis obispo california,1,"http://andrewsullivan.theatlantic.com/.a/6a00d83451c45669e2013480f28eb2970c-550wi","http://andrewsullivan.theatlantic.com/.a/6a00d83451c45669e2013480f28eb2970c-550wi",san luis obispo california
hull massachusetts,1,"http://andrewsullivan.theatlantic.com/.a/6a00d83451c45669e2013486666c55970c-550wi","http://andrewsullivan.theatlantic.com/.a/6a00d83451c45669e2013486666c55970c-550wi",hull massachusetts
bugolobi uganda,1,"http://andrewsullivan.theatlantic.com/.a/6a00d83451c45669e20115712feab7970b-500wi","http://andrewsullivan.theatlantic.com/.a/6a00d83451c45669e20115712feab7970b-500wi",bugolobi uganda
the hague netherlands,1,"http://andrewsullivan.theatlantic.com/.a/6a00d83451c45669e20133efb951b1970b-550wi","http://andrewsullivan.theatlantic.com/.a/6a00d83451c45669e20133efb951b1970b-550wi",the hague netherlands
sea ranch california,1,"http://andrewsullivan.theatlantic.com/.a/6a00d83451c45669e20133f1c6d804970b-550wi","http://andrewsullivan.theatlantic.com/.a/6a00d83451c45669e20133f1c6d804970b-550wi",sea ranch california
brussels belgium,2,"http://andrewsullivan.theatlantic.com/.a/6a00d83451c45669e201156fc59f1f970b-500wi,http://andrewsullivan.theatlantic.com/.a/6a00d83451c45669e20120a5a335c7970b-500wi","http://andrewsullivan.theatlantic.com/.a/6a00d83451c45669e201156fc59f1f970b-500wi,http://andrewsullivan.theatlantic.com/.a/6a00d83451c45669e20120a5a335c7970b-500wi",brussels belgium
los angeles california,2,"http://andrewsullivan.theatlantic.com/.a/6a00d83451c45669e20120a8d1c25e970b-500wi,http://andrewsullivan.theatlantic.com/.a/6a00d83451c45669e20133f23db16e970b-550wi","http://andrewsullivan.theatlantic.com/.a/6a00d83451c45669e20120a8d1c25e970b-500wi,http://andrewsullivan.theatlantic.com/.a/6a00d83451c45669e20133f23db16e970b-550wi",los angeles california
easthampton massachusetts,1,"http://andrewsullivan.theatlantic.com/.a/6a00d83451c45669e201310f6d67e1970c-550wi","http://andrewsullivan.theatlantic.com/.a/6a00d83451c45669e201310f6d67e1970c-550wi",easthampton massachusetts
lander wyoming,1,"http://andrewsullivan.theatlantic.com/.a/6a00d83451c45669e2013480f1e36d970c-550wi","http://andrewsullivan.theatlantic.com/.a/6a00d83451c45669e2013480f1e36d970c-550wi",lander wyoming
bloomfield hills michigan,1,"http://andrewsullivan.theatlantic.com/.a/6a00d83451c45669e20120a65f1453970b-500wi","http://andrewsullivan.theatlantic.com/.a/6a00d83451c45669e20120a65f1453970b-500wi",bloomfield hills michigan
vernou sur seine france,1,"http://andrewsullivan.theatlantic.com/.a/6a00d83451c45669e2013485b8a6be970c-550wi","http://andrewsullivan.theatlantic.com/.a/6a00d83451c45669e2013485b8a6be970c-550wi",vernou sur seine france
goldens bridge new york,1,"http://andrewsullivan.theatlantic.com/.a/6a00d83451c45669e201310f6d76a1970c-550wi","http://andrewsullivan.theatlantic.com/.a/6a00d83451c45669e201310f6d76a1970c-550wi",goldens bridge new york
brooklyn new york,3,"http://andrewsullivan.theatlantic.com/.a/6a00d83451c45669e201156f3c544d970c-500wi,http://andrewsullivan.theatlantic.com/.a/6a00d83451c45669e20133f2942d6f970b-550wi,http://andrewsullivan.theatlantic.com/.a/6a00d83451c45669e20133f4b12c4b970b-550wi","http://andrewsullivan.theatlantic.com/.a/6a00d83451c45669e201156f3c544d970c-500wi,http://andrewsullivan.theatlantic.com/.a/6a00d83451c45669e20133f2942d6f970b-550wi,http://andrewsullivan.theatlantic.com/.a/6a00d83451c45669e20133f4b12c4b970b-550wi",brooklyn new york
rock creek california,1,"http://andrewsullivan.theatlantic.com/.a/6a00d83451c45669e2011571598f6e970c-500wi","http://andrewsullivan.theatlantic.com/.a/6a00d83451c45669e2011571598f6e970c-500wi",rock creek california
leiden netherlands,1,"http://andrewsullivan.theatlantic.com/.a/6a00d83451c45669e201287746167f970c-500wi","http://andrewsullivan.theatlantic.com/.a/6a00d83451c45669e201287746167f970c-500wi",leiden netherlands
izmir turkey,1,"http://andrewsullivan.theatlantic.com/.a/6a00d83451c45669e2011571cfec90970b-500wi","http://andrewsullivan.theatlantic.com/.a/6a00d83451c45669e2011571cfec90970b-500wi",izmir turkey
bucharest romania,1,"http://andrewsullivan.theatlantic.com/.a/6a00d83451c45669e2011570760aff970b-500wi","http://andrewsullivan.theatlantic.com/.a/6a00d83451c45669e2011570760aff970b-500wi",bucharest romania
london england,5,"http://andrewsullivan.theatlantic.com/.a/6a00d83451c45669e20133edbff8c4970b-550wi,http://andrewsullivan.theatlantic.com/.a/6a00d83451c45669e20133f2670fcd970b-550wi,http://andrewsullivan.theatlantic.com/.a/6a00d83451c45669e20133f45490d3970b-550wi,http://andrewsullivan.theatlantic.com/.a/6a00d83451c45669e201347ff7f19d970c-550wi,http://andrewsullivan.theatlantic.com/.a/6a00d83451c45669e20134857ed6ca970c-550wi","http://andrewsullivan.theatlantic.com/.a/6a00d83451c45669e20133edbff8c4970b-550wi,http://andrewsullivan.theatlantic.com/.a/6a00d83451c45669e20133f2670fcd970b-550wi,http://andrewsullivan.theatlantic.com/.a/6a00d83451c45669e20133f45490d3970b-550wi,http://andrewsullivan.theatlantic.com/.a/6a00d83451c45669e201347ff7f19d970c-550wi,http://andrewsullivan.theatlantic.com/.a/6a00d83451c45669e20134857ed6ca970c-550wi",london england
englewood colorado,1,"http://andrewsullivan.theatlantic.com/.a/6a00d83451c45669e20115712febca970b-500wi","http://andrewsullivan.theatlantic.com/.a/6a00d83451c45669e20115712febca970b-500wi",englewood colorado
matsuyama japan,1,"http://andrewsullivan.theatlantic.com/.a/6a00d83451c45669e20133f1173bdb970b-550wi","http://andrewsullivan.theatlantic.com/.a/6a00d83451c45669e20133f1173bdb970b-550wi",matsuyama japan
tirana albania,1,"http://andrewsullivan.theatlantic.com/.a/6a00d83451c45669e201156ecdeb4b970c-500wi","http://andrewsullivan.theatlantic.com/.a/6a00d83451c45669e201156ecdeb4b970c-500wi",tirana albania
medford massachusetts,1,"http://andrewsullivan.theatlantic.com/.a/6a00d83451c45669e20120a6b3fc3d970b-500wi","http://andrewsullivan.theatlantic.com/.a/6a00d83451c45669e20120a6b3fc3d970b-500wi",medford massachusetts
ithaca new york,1,"http://andrewsullivan.theatlantic.com/.a/6a00d83451c45669e20134853967b7970c-550wi","http://andrewsullivan.theatlantic.com/.a/6a00d83451c45669e20134853967b7970c-550wi",ithaca new york
beziers france,1,"http://andrewsullivan.theatlantic.com/.a/6a00d83451c45669e20133f23dacce970b-550wi","http://andrewsullivan.theatlantic.com/.a/6a00d83451c45669e20133f23dacce970b-550wi",beziers france
morgantown west virginia,1,"http://andrewsullivan.theatlantic.com/.a/6a00d83451c45669e20133eec7c385970b-550wi","http://andrewsullivan.theatlantic.com/.a/6a00d83451c45669e20133eec7c385970b-550wi",morgantown west virginia
san anselmo california,1,"http://andrewsullivan.theatlantic.com/.a/6a00d83451c45669e2013486993f73970c-550wi","http://andrewsullivan.theatlantic.com/.a/6a00d83451c45669e2013486993f73970c-550wi",san anselmo california
portrush northern ireland,1,"http://andrewsullivan.theatlantic.com/.a/6a00d83451c45669e20120a65f1958970b-500wi","http://andrewsullivan.theatlantic.com/.a/6a00d83451c45669e20120a65f1958970b-500wi",portrush northern ireland
budapest hungary,1,"http://andrewsullivan.theatlantic.com/.a/6a00d83451c45669e2013485b89dfd970c-550wi","http://andrewsullivan.theatlantic.com/.a/6a00d83451c45669e2013485b89dfd970c-550wi",budapest hungary
mountain view california,1,"http://andrewsullivan.theatlantic.com/.a/6a00d83451c45669e20120a939c9da970b-550wi","http://andrewsullivan.theatlantic.com/.a/6a00d83451c45669e20120a939c9da970b-550wi",mountain view california
johannesburg south africa,2,"http://andrewsullivan.theatlantic.com/.a/6a00d83451c45669e201310f8a03c2970c-550wi,http://andrewsullivan.theatlantic.com/.a/6a00d83451c45669e20134808ccb89970c-550wi","http://andrewsullivan.theatlantic.com/.a/6a00d83451c45669e201310f8a03c2970c-550wi,http://andrewsullivan.theatlantic.com/.a/6a00d83451c45669e20134808ccb89970c-550wi",johannesburg south africa
washington district of columbia,2,"http://andrewsullivan.theatlantic.com/.a/6a00d83451c45669e20115709adc79970b-500wi,http://andrewsullivan.theatlantic.com/.a/6a00d83451c45669e2011570fa567f970b-500wi","http://andrewsullivan.theatlantic.com/.a/6a00d83451c45669e20115709adc79970b-500wi,http://andrewsullivan.theatlantic.com/.a/6a00d83451c45669e2011570fa567f970b-500wi",washington district of columbia
crested butte colorado,1,"http://andrewsullivan.theatlantic.com/.a/6a00d83451c45669e201348766372b970c-550wi","http://andrewsullivan.theatlantic.com/.a/6a00d83451c45669e201348766372b970c-550wi",crested butte colorado
west roxbury massachusetts,1,"http://andrewsullivan.theatlantic.com/.a/6a00d83451c45669e20115707609d0970b-500wi","http://andrewsullivan.theatlantic.com/.a/6a00d83451c45669e20115707609d0970b-500wi",west roxbury massachusetts
twentynine palms california,1,"http://andrewsullivan.theatlantic.com/.a/6a00d83451c45669e201347ff7f4fc970c-550wi","http://andrewsullivan.theatlantic.com/.a/6a00d83451c45669e201347ff7f4fc970c-550wi",twentynine palms california
ambleside england,1,"http://andrewsullivan.theatlantic.com/.a/6a00d83451c45669e2013485b85efa970c-550wi","http://andrewsullivan.theatlantic.com/.a/6a00d83451c45669e2013485b85efa970c-550wi",ambleside england
bloomsburg pennsylvania,1,"http://andrewsullivan.theatlantic.com/.a/6a00d83451c45669e20133ed3d8bc9970b-550wi","http://andrewsullivan.theatlantic.com/.a/6a00d83451c45669e20133ed3d8bc9970b-550wi",bloomsburg pennsylvania
puerto vallarta mexico,1,"http://andrewsullivan.theatlantic.com/.a/6a00d83451c45669e20133f446deee970b-550wi","http://andrewsullivan.theatlantic.com/.a/6a00d83451c45669e20133f446deee970b-550wi",puerto vallarta mexico
gorgona panama,1,"http://andrewsullivan.theatlantic.com/.a/6a00d83451c45669e20133ef5e05eb970b-550wi","http://andrewsullivan.theatlantic.com/.a/6a00d83451c45669e20133ef5e05eb970b-550wi",gorgona panama
kent washington,1,"http://andrewsullivan.theatlantic.com/.a/6a00d83451c45669e2013480f1a12a970c-550wi","http://andrewsullivan.theatlantic.com/.a/6a00d83451c45669e2013480f1a12a970c-550wi",kent washington
new haven connecticut,2,"http://andrewsullivan.theatlantic.com/.a/6a00d83451c45669e20120a6773106970b-500wi,http://andrewsullivan.theatlantic.com/.a/6a00d83451c45669e20120a845a28a970b-500wi","http://andrewsullivan.theatlantic.com/.a/6a00d83451c45669e20120a6773106970b-500wi,http://andrewsullivan.theatlantic.com/.a/6a00d83451c45669e20120a845a28a970b-500wi",new haven connecticut
aberystwyth wales,1,"http://andrewsullivan.theatlantic.com/.a/6a00d83451c45669e20133f48df5d2970b-550wi","http://andrewsullivan.theatlantic.com/.a/6a00d83451c45669e20133f48df5d2970b-550wi",aberystwyth wales
desloge missouri,1,"http://andrewsullivan.theatlantic.com/.a/6a00d83451c45669e20133f11744e6970b-550wi","http://andrewsullivan.theatlantic.com/.a/6a00d83451c45669e20133f11744e6970b-550wi",desloge missouri
rothenburg germany,1,"http://andrewsullivan.theatlantic.com/.a/6a00d83451c45669e2012877477d07970c-500wi","http://andrewsullivan.theatlantic.com/.a/6a00d83451c45669e2012877477d07970c-500wi",rothenburg germany
lihue hawaii,1,"http://andrewsullivan.theatlantic.com/.a/6a00d83451c45669e20133f461f9b5970b-550wi","http://andrewsullivan.theatlantic.com/.a/6a00d83451c45669e20133f461f9b5970b-550wi",lihue hawaii
fairfax virginia,1,"http://andrewsullivan.theatlantic.com/.a/6a00d83451c45669e2011570056110970c-500wi","http://andrewsullivan.theatlantic.com/.a/6a00d83451c45669e2011570056110970c-500wi",fairfax virginia
grand gorge new york,1,"http://andrewsullivan.theatlantic.com/.a/6a00d83451c45669e20133edc094ce970b-550wi","http://andrewsullivan.theatlantic.com/.a/6a00d83451c45669e20133edc094ce970b-550wi",grand gorge new york
philadelphia pennsylvania,1,"http://andrewsullivan.theatlantic.com/.a/6a00d83451c45669e20120a88a12b5970b-500wi","http://andrewsullivan.theatlantic.com/.a/6a00d83451c45669e20120a88a12b5970b-500wi",philadelphia pennsylvania
cincinnati ohio,2,"http://andrewsullivan.theatlantic.com/.a/6a00d83451c45669e20115700f78a3970b-500wi,http://andrewsullivan.theatlantic.com/.a/6a00d83451c45669e20133f2945e0d970b-550wi","http://andrewsullivan.theatlantic.com/.a/6a00d83451c45669e20115700f78a3970b-500wi,http://andrewsullivan.theatlantic.com/.a/6a00d83451c45669e20133f2945e0d970b-550wi",cincinnati ohio
hyderabad india,1,"http://andrewsullivan.theatlantic.com/.a/6a00d83451c45669e20120a967e75c970b-550wi","http://andrewsullivan.theatlantic.com/.a/6a00d83451c45669e20120a967e75c970b-550wi",hyderabad india
grass valley california,1,"http://andrewsullivan.theatlantic.com/.a/6a00d83451c45669e2012875e67171970c-500wi","http://andrewsullivan.theatlantic.com/.a/6a00d83451c45669e2012875e67171970c-500wi",grass valley california
pau france,1,"http://andrewsullivan.theatlantic.com/.a/6a00d83451c45669e20133ee696bc6970b-550wi","http://andrewsullivan.theatlantic.com/.a/6a00d83451c45669e20133ee696bc6970b-550wi",pau france
warsaw poland,1,"http://andrewsullivan.theatlantic.com/.a/6a00d83451c45669e20133ed595c46970b-550wi","http://andrewsullivan.theatlantic.com/.a/6a00d83451c45669e20133ed595c46970b-550wi",warsaw poland
oklahoma city oklahoma,1,"http://andrewsullivan.theatlantic.com/.a/6a00d83451c45669e20115707f6a55970b-500wi","http://andrewsullivan.theatlantic.com/.a/6a00d83451c45669e20115707f6a55970b-500wi",oklahoma city oklahoma
chengdu china,1,"http://andrewsullivan.theatlantic.com/.a/6a00d83451c45669e2011570abd08b970b-500wi","http://andrewsullivan.theatlantic.com/.a/6a00d83451c45669e2011570abd08b970b-500wi",chengdu china
